Year,Product,Country,Port,Export_Quantity_Tonnes,Import_Quantity_Tonnes,Export_Value_USD,Import_Value_USD,Tariff_Percent,Exchange_Rate,Category,Organic,Trade_Balance,Export_Value_per_Tonne,Import_Value_per_Tonne,Tariff_Category
2021,Coffee,Bangladesh,Chennai,4896.0,3956.0,2503501.0,4307151.0,19.44,75.51,Cash Crop,Yes,-1803650.0,511.33598856209153,1088.7641557128413,High
2019,Wheat,China,Kolkata,5569.0,2392.0,2188617.0,1169688.0,16.82,71.94,Food,No,1018929.0,393.0,489.0,High
2022,Tea,China,Chennai,6356.0,7668.0,2344905.0,5087903.0,18.11,71.94,Cash Crop,No,-2742998.0,368.9277847702958,663.524126238915,High
2019,Wheat,Bangladesh,Cochin,4896.0,3001.0,2801910.0,1764588.0,12.31,79.2,Beverage,Yes,1037322.0,572.2855392156863,588.0,Medium
2019,Spices,China,Mumbai,1269.0,1288.0,2344905.0,377384.0,15.84,75.71,Beverage,Yes,1967521.0,1847.836879432624,293.0,High
2024,Spices,China,Visakhapatnam,930.0,1023.0,369210.0,683364.0,20.14,75.83,Food,Yes,-314154.0,397.0,668.0,High
2017,Coffee,Germany,Mumbai,1751.0,4777.0,350200.0,926738.0,9.95,71.26,Food,Yes,-576538.0,200.0,194.0,Medium
2021,Spices,China,Cochin,1236.0,4015.0,749016.0,1557820.0,20.15,73.28,Beverage,Yes,-808804.0,606.0,388.0,High
2022,Rice,Sri Lanka,Mumbai,2910.0,5736.0,1679070.0,1743744.0,14.8,78.64,Beverage,No,-64674.0,577.0,304.0,Medium
2019,Coffee,China,Mumbai,8767.0,1100.0,2344905.0,363000.0,4.15,80.65,Beverage,Yes,1981905.0,267.4694878521729,330.0,Low
2018,Rice,UAE,Cochin,9618.0,3751.0,2344905.0,1572352.0,0.62,77.41,Food,No,772553.0,243.80380536494073,419.1820847773927,Low
2022,Tea,USA,Mumbai,1119.0,2830.0,2344905.0,670710.0,9.07,83.1,Beverage,Yes,1674195.0,2095.5361930294907,237.0,Medium
2022,Wheat,UAE,Kolkata,5337.0,7448.0,2732544.0,3016440.0,13.67,80.51,Beverage,No,-283896.0,512.0,405.0,Medium
2017,Spices,China,Kolkata,1383.0,1638.0,1095336.0,1081080.0,21.0,74.05,Food,No,14256.0,792.0,660.0,High
2020,Wheat,Sri Lanka,Mumbai,759.0,3928.0,468303.0,872016.0,3.19,76.79,Cash Crop,No,-403713.0,617.0,222.0,Low
2019,Spices,China,Cochin,2110.0,2418.0,1856800.0,793104.0,20.01,83.16,Cash Crop,Yes,1063696.0,880.0,328.0,High
2016,Spices,USA,Cochin,8690.0,7106.0,5874440.0,2565266.0,21.58,75.48,Beverage,No,3309174.0,676.0,361.0,High
2022,Wheat,Vietnam,Kolkata,1833.0,7450.0,498576.0,2853350.0,3.77,80.62,Cash Crop,No,-2354774.0,272.0,383.0,Low
2020,Coffee,USA,Visakhapatnam,2225.0,5839.0,756500.0,3585146.0,21.29,77.22,Cash Crop,No,-2828646.0,340.0,614.0,High
2016,Spices,USA,Cochin,2271.0,486.0,1773651.0,180792.0,24.79,73.8,Cash Crop,Yes,1592859.0,781.0,372.0,High
2019,Rice,USA,Visakhapatnam,8366.0,2878.0,3856726.0,2244840.0,18.17,66.05,Cash Crop,No,1611886.0,461.0,780.0,High
2015,Wheat,Sri Lanka,Chennai,3571.0,1606.0,1924769.0,1572352.0,19.62,70.65,Beverage,Yes,352417.0,539.0,979.0485678704857,High
2024,Rice,China,Kolkata,9128.0,7620.0,4627896.0,2712720.0,24.86,84.19,Cash Crop,No,1915176.0,507.0,356.0,High
2020,Cotton,Vietnam,Mumbai,4896.0,5222.0,2541456.0,3947832.0,15.14,76.44,Cash Crop,Yes,-1406376.0,519.0882352941177,756.0,High
2023,Rice,UAE,Cochin,8791.0,3908.0,6276774.0,2012620.0,12.23,74.11,Food,No,4264154.0,714.0,515.0,Medium
2015,Spices,USA,Mumbai,8429.0,7530.0,2344905.0,3200250.0,12.23,83.32,Beverage,Yes,-855345.0,278.19492229208686,425.0,Medium
2019,Cotton,UK,Cochin,2197.0,1354.0,1700478.0,716266.0,15.36,71.94,Food,Yes,984212.0,774.0,529.0,High
2017,Pulses,China,Mumbai,5168.0,6919.0,3927680.0,3168902.0,14.53,71.94,Food,Yes,758778.0,760.0,458.0,Medium
2021,Spices,China,Visakhapatnam,6497.0,6224.0,1786675.0,4854720.0,6.34,78.98,Beverage,No,-3068045.0,275.0,780.0,Medium
2018,Sugar,China,Visakhapatnam,2857.0,2434.0,1068518.0,1014978.0,18.91,77.82,Cash Crop,No,53540.0,374.0,417.0,High
2023,Cotton,Sri Lanka,Visakhapatnam,4896.0,232.0,1238160.0,49416.0,2.04,64.83,Food,Yes,1188744.0,252.8921568627451,213.0,Low
2017,Pulses,Bangladesh,Chennai,8286.0,7240.0,3165252.0,3612760.0,23.11,71.78,Beverage,No,-447508.0,382.0,499.0,High
2019,Coffee,Bangladesh,Cochin,4896.0,6737.0,782000.0,4331891.0,8.15,71.81,Cash Crop,No,-3549891.0,159.72222222222223,643.0,Medium
2017,Rice,China,Visakhapatnam,2710.0,5615.0,715440.0,3773280.0,3.19,69.46,Beverage,No,-3057840.0,264.0,672.0,Low
2019,Wheat,Germany,Chennai,7000.0,7291.0,4711000.0,1572352.0,11.06,71.94,Food,No,3138648.0,673.0,215.65656288574957,Medium
2019,Spices,Germany,Cochin,4896.0,7227.0,463151.0,1589940.0,1.06,70.33,Cash Crop,No,-1126789.0,94.59783496732027,220.0,Low
2023,Rice,UAE,Mumbai,8838.0,7701.0,6566634.0,3950613.0,12.23,64.98,Food,No,2616021.0,743.0,513.0,Medium
2021,Pulses,Bangladesh,Chennai,5117.0,5625.0,1673259.0,4044375.0,22.57,71.94,Beverage,No,-2371116.0,327.0,719.0,High
2016,Rice,China,Kolkata,8099.0,1639.0,5272449.0,1572352.0,20.93,61.81,Cash Crop,Yes,3700097.0,651.0,959.3361805979256,High
2019,Spices,Sri Lanka,Chennai,6152.0,1637.0,2344905.0,325763.0,3.18,74.39,Food,Yes,2019142.0,381.161410923277,199.0,Low
2023,Coffee,Bangladesh,Chennai,2196.0,709.0,531432.0,359463.0,3.16,71.94,Food,No,171969.0,242.0,507.0,Low
2016,Spices,China,Cochin,8995.0,209.0,5558910.0,149017.0,12.23,78.13,Food,Yes,5409893.0,618.0,713.0,Medium
2024,Cotton,China,Mumbai,6504.0,4003.0,4468248.0,2537902.0,23.11,71.94,Beverage,Yes,1930346.0,687.0,634.0,High
2019,Cotton,USA,Kolkata,9917.0,7231.0,2747009.0,1684823.0,11.52,62.18,Food,Yes,1062186.0,277.0,233.0,Medium
2024,Cotton,China,Visakhapatnam,3431.0,7395.0,1609139.0,5087903.0,12.47,65.05,Cash Crop,No,-3478764.0,469.0,688.0193373901285,Medium
2019,Pulses,China,Cochin,7562.0,3956.0,6601626.0,4841465.0,7.96,73.64,Cash Crop,No,1760161.0,873.0,1223.8283619817998,Medium
2016,Spices,UAE,Chennai,5205.0,1061.0,2675370.0,472145.0,22.36,65.18,Food,No,2203225.0,514.0,445.0,High
2018,Spices,USA,Cochin,3078.0,102.0,1129626.0,39270.0,12.23,73.6,Cash Crop,No,1090356.0,367.0,385.0,Medium
2021,Wheat,UK,Cochin,4896.0,6601.0,1581182.0,1353205.0,7.21,65.79,Food,No,227977.0,322.95383986928107,205.0,Medium
2019,Tea,China,Cochin,3484.0,7040.0,1365728.0,3583360.0,7.47,81.22,Cash Crop,Yes,-2217632.0,392.0,509.0,Medium
2017,Cotton,UK,Kolkata,785.0,5191.0,511820.0,1344469.0,22.28,69.93,Food,No,-832649.0,652.0,259.0,High
2015,Spices,Bangladesh,Mumbai,7631.0,5199.0,3678142.0,1772859.0,0.34,66.14,Cash Crop,Yes,1905283.0,482.0,341.0,Low
2018,Pulses,Germany,Kolkata,4383.0,6896.0,2344905.0,1668832.0,8.07,71.94,Beverage,No,676073.0,535.0,242.0,Medium
2016,Wheat,Vietnam,Mumbai,7836.0,2357.0,2344905.0,1572352.0,13.86,68.57,Food,Yes,772553.0,299.2477029096478,667.0988544760288,Medium
2019,Coffee,Vietnam,Visakhapatnam,7810.0,1278.0,2344905.0,267102.0,3.71,62.79,Food,No,2077803.0,300.24391805377724,209.0,Low
2018,Wheat,China,Mumbai,1719.0,3956.0,754641.0,5087903.0,2.3,74.26,Food,No,-4333262.0,439.0,1286.1231041456017,Low
2016,Spices,Vietnam,Cochin,6968.0,5640.0,4752176.0,1060320.0,20.38,71.94,Cash Crop,No,3691856.0,682.0,188.0,High
2020,Sugar,China,Cochin,1531.0,6969.0,2344905.0,4801641.0,22.36,77.87,Cash Crop,No,-2456736.0,1531.6165904637492,689.0,High
2020,Pulses,Sri Lanka,Chennai,9167.0,5635.0,7061511.75,1115730.0,20.59,66.01,Beverage,No,5945781.75,770.3187247736446,198.0,High
2024,Sugar,USA,Visakhapatnam,4813.0,1085.0,3629002.0,617365.0,22.47,71.94,Food,No,3011637.0,754.0,569.0,High
2018,Cotton,UK,Cochin,9657.0,3752.0,2344905.0,1572352.0,13.83,67.06,Food,Yes,772553.0,242.81919850885367,419.07036247334753,Medium
2020,Sugar,Sri Lanka,Kolkata,9535.0,6096.0,2746080.0,987552.0,20.31,62.02,Food,No,1758528.0,288.0,162.0,High
2016,Cotton,Germany,Cochin,5098.0,3956.0,4379182.0,757575.0,9.6,81.92,Food,Yes,3621607.0,859.0,191.50025278058646,Medium
2019,Cotton,Vietnam,Chennai,262.0,7507.0,77028.0,1876750.0,16.66,78.22,Food,No,-1799722.0,294.0,250.0,High
2016,Spices,Germany,Chennai,2074.0,4995.0,1350174.0,1173825.0,24.72,67.54,Food,Yes,176349.0,651.0,235.0,High
2024,Spices,Vietnam,Cochin,4896.0,7977.0,2126157.0,5087903.0,5.64,74.98,Beverage,No,-2961746.0,434.2640931372549,637.8216121348878,Medium
2019,Cotton,USA,Cochin,8561.0,4499.0,2996350.0,1572352.0,9.75,65.03,Beverage,Yes,1423998.0,350.0,349.48921982662813,Medium
2022,Tea,UAE,Chennai,731.0,7856.0,521203.0,3825872.0,12.0,71.94,Food,Yes,-3304669.0,713.0,487.0,Medium
2019,Coffee,USA,Kolkata,1005.0,5244.0,577875.0,1651860.0,3.45,62.87,Cash Crop,Yes,-1073985.0,575.0,315.0,Low
2023,Wheat,Bangladesh,Cochin,2114.0,7066.0,2344905.0,3759112.0,12.23,60.1,Food,Yes,-1414207.0,1109.2265846736045,532.0,Medium
2022,Wheat,UK,Visakhapatnam,9933.0,5885.0,5085696.0,3089625.0,20.74,72.55,Beverage,No,1996071.0,512.0,525.0,High
2019,Spices,China,Cochin,4896.0,7778.0,5741128.0,4822360.0,12.23,74.58,Food,Yes,918768.0,1172.6160130718954,620.0,Medium
2016,Sugar,UAE,Visakhapatnam,4896.0,7808.0,2344905.0,5087903.0,10.12,74.47,Beverage,No,-2742998.0,478.9430147058824,651.6269211065573,Medium
2019,Sugar,China,Chennai,681.0,5610.0,390894.0,1009800.0,12.23,61.36,Beverage,No,-618906.0,574.0,180.0,Medium
2022,Spices,China,Chennai,4896.0,5136.0,3753750.0,1572352.0,12.23,67.85,Food,Yes,2181398.0,766.6973039215686,306.14330218068534,Medium
2019,Pulses,UAE,Cochin,9132.0,1314.0,7061511.75,210240.0,22.28,71.94,Food,Yes,6851271.75,773.2711070959264,160.0,High
2023,Rice,UK,Cochin,5447.0,7211.0,4324918.0,3252161.0,11.6,65.41,Cash Crop,No,1072757.0,794.0,451.0,Medium
2023,Cotton,Vietnam,Cochin,2743.0,1934.0,1036854.0,473830.0,8.0,81.82,Food,Yes,563024.0,378.0,245.0,Medium
2015,Coffee,UAE,Kolkata,8117.0,7371.0,3319853.0,2498769.0,11.91,62.18,Cash Crop,Yes,821084.0,409.0,339.0,Medium
2023,Tea,Vietnam,Visakhapatnam,2397.0,3956.0,1675503.0,1119118.0,7.96,72.18,Food,Yes,556385.0,699.0,282.89130434782606,Medium
2021,Wheat,UK,Cochin,974.0,3217.0,645762.0,1096997.0,12.23,77.29,Beverage,Yes,-451235.0,663.0,341.0,Medium
2023,Cotton,USA,Mumbai,4896.0,3847.0,2344905.0,2442845.0,21.49,66.54,Cash Crop,Yes,-97940.0,478.9430147058824,635.0,High
2022,Rice,UK,Mumbai,789.0,2391.0,246168.0,992265.0,14.81,71.94,Cash Crop,Yes,-746097.0,312.0,415.0,Medium
2019,Spices,UAE,Chennai,4100.0,6402.0,865100.0,3668346.0,12.23,80.73,Cash Crop,Yes,-2803246.0,211.0,573.0,Medium
2022,Cotton,China,Visakhapatnam,9714.0,3464.0,3157050.0,959528.0,9.12,64.76,Food,No,2197522.0,325.0,277.0,Medium
2022,Spices,Germany,Cochin,771.0,5257.0,589044.0,2034459.0,18.46,82.93,Food,Yes,-1445415.0,764.0,387.0,High
2019,Wheat,UAE,Cochin,8027.0,867.0,4254310.0,436968.0,16.67,73.84,Food,No,3817342.0,530.0,504.0,High
2015,Spices,UK,Visakhapatnam,1271.0,5945.0,612622.0,1572352.0,12.23,71.94,Beverage,No,-959730.0,482.0,264.4830950378469,Medium
2022,Tea,Germany,Chennai,5691.0,3956.0,1929249.0,3633070.0,14.32,70.77,Food,No,-1703821.0,339.0,918.3695652173913,Medium
2017,Rice,UK,Kolkata,9235.0,2487.0,2344905.0,1223604.0,6.42,67.8,Beverage,No,1121301.0,253.91499729290743,492.0,Medium
2017,Rice,Sri Lanka,Visakhapatnam,4896.0,6518.0,2344905.0,1916292.0,20.1,78.13,Cash Crop,Yes,428613.0,478.9430147058824,294.0,High
2015,Coffee,UK,Visakhapatnam,1549.0,3956.0,1109084.0,1526462.0,10.65,79.91,Cash Crop,No,-417378.0,716.0,385.8599595551062,Medium
2019,Tea,USA,Kolkata,2639.0,938.0,2344905.0,371448.0,24.87,80.82,Food,No,1973457.0,888.558165971959,396.0,High
2019,Rice,China,Visakhapatnam,4059.0,6001.0,1087812.0,3834639.0,12.23,84.64,Cash Crop,No,-2746827.0,268.0,639.0,Medium
2019,Tea,Vietnam,Chennai,6385.0,3956.0,2024045.0,1572352.0,19.51,79.78,Food,No,451693.0,317.0,397.46006066734077,High
2024,Wheat,Vietnam,Chennai,5532.0,717.0,2344905.0,182835.0,16.84,71.94,Beverage,No,2162070.0,423.88015184381777,255.0,High
2023,Sugar,UAE,Kolkata,4360.0,7868.0,1011520.0,2596440.0,19.19,68.48,Cash Crop,Yes,-1584920.0,232.0,330.0,High
2021,Rice,China,Cochin,2461.0,3956.0,1272337.0,1591074.0,7.69,73.61,Food,Yes,-318737.0,517.0,402.19261880687566,Medium
2023,Coffee,China,Mumbai,6264.0,3956.0,1559736.0,1002750.0,12.23,61.03,Cash Crop,No,556986.0,249.0,253.47573306370072,Medium
2019,Wheat,Sri Lanka,Cochin,3770.0,5788.0,2593760.0,1377544.0,19.91,78.62,Cash Crop,Yes,1216216.0,688.0,238.0,High
2016,Cotton,UAE,Cochin,1853.0,7876.0,2344905.0,5087903.0,5.81,71.15,Food,Yes,-2742998.0,1265.4641122504047,646.0008887760284,Medium
2015,Tea,UK,Cochin,8200.0,4282.0,3247200.0,2226640.0,5.65,60.5,Food,No,1020560.0,396.0,520.0,Medium
2021,Cotton,China,Kolkata,2038.0,3956.0,1322662.0,3338416.0,13.78,61.56,Cash Crop,No,-2015754.0,649.0,843.8867542972699,Medium
2021,Spices,Bangladesh,Cochin,8662.0,5843.0,6565796.0,1489965.0,13.09,69.69,Food,No,5075831.0,758.0,255.0,Medium
2022,Wheat,UK,Mumbai,4896.0,4573.0,5334728.0,1920660.0,7.06,74.59,Cash Crop,Yes,3414068.0,1089.609477124183,420.0,Medium
2019,Cotton,China,Cochin,6688.0,5621.0,4353888.0,3664892.0,7.45,71.61,Beverage,No,688996.0,651.0,652.0,Medium
2017,Pulses,UAE,Mumbai,8716.0,6805.0,4253408.0,4586570.0,6.95,75.48,Cash Crop,Yes,-333162.0,488.0,674.0,Medium
2022,Pulses,China,Visakhapatnam,6404.0,7104.0,2344905.0,1285824.0,19.29,72.01,Cash Crop,No,1059081.0,366.16255465334166,181.0,High
2020,Rice,UAE,Cochin,7445.0,868.0,2344905.0,470456.0,16.3,76.54,Food,Yes,1874449.0,314.9637340496978,542.0,High
2019,Tea,UK,Kolkata,7975.0,2238.0,7061511.75,422982.0,20.81,65.48,Beverage,No,6638529.75,885.4560188087775,189.0,High
2015,Sugar,USA,Mumbai,9186.0,1156.0,5419740.0,424252.0,24.39,62.82,Food,Yes,4995488.0,590.0,367.0,High
2017,Wheat,China,Cochin,6733.0,2274.0,2344905.0,525294.0,11.85,74.91,Food,No,1819611.0,348.2704589336106,231.0,Medium
2019,Rice,China,Cochin,697.0,247.0,288558.0,86450.0,1.67,72.12,Food,No,202108.0,414.0,350.0,Low
2017,Coffee,Vietnam,Cochin,3162.0,2721.0,2292450.0,1621716.0,1.2,60.67,Beverage,No,670734.0,725.0,596.0,Low
2015,Spices,China,Cochin,2436.0,7785.0,1008504.0,4491945.0,7.39,69.51,Food,No,-3483441.0,414.0,577.0,Medium
2019,Tea,Bangladesh,Mumbai,9979.0,6141.0,2344905.0,1572352.0,12.23,62.65,Food,No,772553.0,234.98396632929152,256.0416870216577,Medium
2024,Wheat,China,Mumbai,672.0,6884.0,219744.0,1572352.0,13.08,73.28,Food,Yes,-1352608.0,327.0,228.40674026728647,Medium
2021,Pulses,China,Cochin,7621.0,3542.0,5151796.0,2100406.0,6.79,69.89,Food,Yes,3051390.0,676.0,593.0,Medium
2019,Wheat,UAE,Mumbai,6271.0,2498.0,3781413.0,1572352.0,9.98,71.94,Food,Yes,2209061.0,603.0,629.4443554843875,Medium
2023,Spices,China,Visakhapatnam,7197.0,7915.0,1640916.0,2976040.0,14.96,80.14,Beverage,Yes,-1335124.0,228.0,376.0,Medium
2024,Spices,Sri Lanka,Chennai,2190.0,520.0,1176030.0,102440.0,12.23,67.49,Beverage,Yes,1073590.0,537.0,197.0,Medium
2024,Sugar,China,Visakhapatnam,6666.0,6411.0,3732960.0,1070637.0,3.85,71.94,Cash Crop,No,2662323.0,560.0,167.0,Low
2017,Coffee,Vietnam,Visakhapatnam,4724.0,1998.0,3628032.0,1174824.0,12.23,73.39,Beverage,No,2453208.0,768.0,588.0,Medium
2019,Spices,UAE,Mumbai,1733.0,5074.0,1024203.0,1704864.0,13.62,75.46,Beverage,Yes,-680661.0,591.0,336.0,Medium
2015,Coffee,UK,Chennai,1617.0,3949.0,674289.0,1950806.0,3.39,77.02,Cash Crop,Yes,-1276517.0,417.0,494.0,Low
2018,Rice,UK,Mumbai,3748.0,2060.0,2897204.0,1572352.0,22.34,71.94,Food,Yes,1324852.0,773.0,763.2776699029126,High
2018,Rice,Bangladesh,Kolkata,4896.0,3850.0,1420916.0,2452450.0,1.87,72.77,Cash Crop,No,-1031534.0,290.2197712418301,637.0,Low
2019,Coffee,UK,Mumbai,3237.0,6825.0,1298037.0,2579850.0,22.69,70.72,Food,No,-1281813.0,401.0,378.0,High
2021,Spices,UK,Cochin,4896.0,7144.0,1530360.0,3850616.0,24.91,61.34,Food,No,-2320256.0,312.5735294117647,539.0,High
2021,Spices,Vietnam,Cochin,197.0,5051.0,102637.0,1572352.0,17.51,60.55,Beverage,Yes,-1469715.0,521.0,311.295189071471,High
2019,Spices,USA,Chennai,4896.0,6368.0,2760450.0,2146016.0,19.26,68.95,Cash Crop,Yes,614434.0,563.8174019607843,337.0,High
2021,Spices,China,Mumbai,8635.0,4168.0,6640315.0,1746392.0,8.43,68.34,Beverage,Yes,4893923.0,769.0,419.0,Medium
2017,Spices,Sri Lanka,Chennai,8274.0,3846.0,4335576.0,2907576.0,23.54,69.69,Beverage,Yes,1428000.0,524.0,756.0,High
2020,Pulses,Germany,Cochin,8203.0,4038.0,5012033.0,1853442.0,12.23,63.46,Food,No,3158591.0,611.0,459.0,Medium
2016,Tea,USA,Kolkata,5513.0,284.0,2344905.0,79804.0,18.31,71.94,Beverage,Yes,2265101.0,425.34101215309266,281.0,High
2024,Spices,Sri Lanka,Chennai,4766.0,3956.0,4194080.0,5061000.0,23.1,81.42,Cash Crop,Yes,-866920.0,880.0,1279.3225480283115,High
2023,Sugar,UAE,Cochin,710.0,5270.0,2344905.0,1164670.0,24.38,83.47,Beverage,Yes,1180235.0,3302.6830985915494,221.0,High
2019,Spices,USA,Chennai,1827.0,978.0,1229571.0,1572352.0,20.83,72.31,Beverage,No,-342781.0,673.0,1607.7218813905931,High
2020,Spices,Vietnam,Chennai,4896.0,3956.0,1303318.0,2322195.0,7.58,77.52,Food,No,-1018877.0,266.20057189542484,587.0058139534884,Medium
2018,Spices,China,Kolkata,5155.0,572.0,3216720.0,194480.0,24.16,81.39,Cash Crop,No,3022240.0,624.0,340.0,High
2024,Cotton,UAE,Visakhapatnam,2424.0,5954.0,2152512.0,3399734.0,15.7,71.94,Food,No,-1247222.0,888.0,571.0,High
2021,Pulses,Bangladesh,Visakhapatnam,9469.0,3956.0,3816007.0,961137.0,23.27,67.74,Food,No,2854870.0,403.0,242.95677451971687,High
2019,Spices,Germany,Chennai,9383.0,4576.0,7061511.75,1688544.0,16.9,83.42,Beverage,No,5372967.75,752.5857135244592,369.0,High
2021,Rice,UAE,Mumbai,5874.0,4938.0,3442164.0,997476.0,7.68,72.89,Cash Crop,No,2444688.0,586.0,202.0,Medium
2015,Cotton,UK,Cochin,6619.0,3956.0,1965843.0,1007400.0,9.25,72.43,Beverage,No,958443.0,297.0,254.65116279069767,Medium
2015,Sugar,China,Mumbai,1849.0,5882.0,1005856.0,3299802.0,13.76,64.46,Beverage,Yes,-2293946.0,544.0,561.0,Medium
2019,Sugar,UAE,Cochin,881.0,3956.0,358567.0,3704976.0,19.75,71.94,Food,Yes,-3346409.0,407.0,936.5460060667341,High
2023,Cotton,China,Chennai,4896.0,7172.0,5453024.0,2768392.0,7.95,81.05,Food,Yes,2684632.0,1113.7712418300653,386.0,Medium
2018,Pulses,Germany,Chennai,6923.0,5892.0,5780705.0,3270060.0,14.49,75.35,Food,No,2510645.0,835.0,555.0,Medium
2023,Coffee,China,Chennai,2205.0,5821.0,1730925.0,4406497.0,12.23,68.15,Cash Crop,No,-2675572.0,785.0,757.0,Medium
2019,Tea,UK,Chennai,3967.0,1366.0,1447955.0,1572352.0,20.39,64.79,Beverage,No,-124397.0,365.0,1151.0629575402636,High
2021,Pulses,Sri Lanka,Visakhapatnam,7293.0,2907.0,1611753.0,1151172.0,11.67,73.89,Cash Crop,No,460581.0,221.0,396.0,Medium
2020,Spices,Sri Lanka,Cochin,4896.0,5058.0,1791828.0,1117818.0,1.92,74.6,Food,Yes,674010.0,365.9779411764706,221.0,Low
2022,Spices,UAE,Visakhapatnam,2213.0,1174.0,2344905.0,392116.0,12.23,65.17,Beverage,Yes,1952789.0,1059.6046091278806,334.0,Medium
2023,Wheat,Vietnam,Visakhapatnam,5979.0,5671.0,2344905.0,879005.0,1.53,81.29,Food,Yes,1465900.0,392.19016557952835,155.0,Low
2019,Tea,Vietnam,Chennai,4070.0,5473.0,1701260.0,1942915.0,12.48,62.11,Cash Crop,Yes,-241655.0,418.0,355.0,Medium
2015,Tea,China,Kolkata,9359.0,7064.0,2344905.0,4895352.0,2.66,68.9,Food,Yes,-2550447.0,250.5508067101186,693.0,Low
2017,Sugar,China,Cochin,7364.0,3956.0,5110616.0,1572352.0,2.85,77.01,Beverage,Yes,3538264.0,694.0,397.46006066734077,Low
2024,Tea,UK,Mumbai,1677.0,1073.0,719433.0,575128.0,12.23,66.85,Beverage,No,144305.0,429.0,536.0,Medium
2022,Cotton,Germany,Visakhapatnam,9303.0,5722.0,2037357.0,1287450.0,21.82,80.69,Beverage,No,749907.0,219.0,225.0,High
2020,Spices,Bangladesh,Cochin,2374.0,1428.0,1785248.0,465528.0,12.23,78.5,Beverage,Yes,1319720.0,752.0,326.0,Medium
2022,Spices,Sri Lanka,Kolkata,4896.0,3424.0,1724243.0,1705152.0,24.65,79.73,Food,No,19091.0,352.17381535947715,498.0,High
2023,Rice,Germany,Mumbai,6844.0,1569.0,2101108.0,633876.0,12.23,62.98,Beverage,Yes,1467232.0,307.0,404.0,Medium
2018,Spices,USA,Mumbai,2526.0,5827.0,1520652.0,2662939.0,15.35,63.51,Food,Yes,-1142287.0,602.0,457.0,High
2015,Pulses,Sri Lanka,Visakhapatnam,5646.0,7985.0,4488570.0,1572352.0,15.41,67.16,Cash Crop,No,2916218.0,795.0,196.9132122730119,High
2015,Spices,Germany,Chennai,6952.0,3956.0,4741264.0,1695468.0,11.44,72.95,Food,Yes,3045796.0,682.0,428.5813953488372,Medium
2024,Sugar,Sri Lanka,Kolkata,4896.0,276.0,1500466.0,120336.0,9.92,78.7,Food,Yes,1380130.0,306.4677287581699,436.0,Medium
2018,Spices,Bangladesh,Visakhapatnam,6511.0,5405.0,3991243.0,4026725.0,11.38,80.91,Beverage,Yes,-35482.0,613.0,745.0,Medium
2021,Rice,USA,Kolkata,107.0,5018.0,54356.0,3191448.0,10.37,77.61,Cash Crop,No,-3137092.0,508.0,636.0,Medium
2016,Wheat,Vietnam,Chennai,8187.0,941.0,2726271.0,500612.0,18.26,71.94,Food,No,2225659.0,333.0,532.0,High
2019,Cotton,Vietnam,Chennai,2655.0,5624.0,2344905.0,3121320.0,12.23,78.47,Beverage,No,-776415.0,883.2033898305085,555.0,Medium
2019,Sugar,Bangladesh,Visakhapatnam,575.0,4122.0,156400.0,1572352.0,4.94,67.66,Beverage,No,-1415952.0,272.0,381.45366327025715,Low
2019,Pulses,UK,Chennai,5516.0,3956.0,3750880.0,3492668.0,4.51,66.63,Cash Crop,Yes,258212.0,680.0,882.8786653185035,Low
2015,Spices,USA,Cochin,8776.0,2307.0,4835576.0,1628742.0,6.56,77.4,Food,No,3206834.0,551.0,706.0,Medium
2022,Sugar,UAE,Mumbai,7339.0,2838.0,5570301.0,2236344.0,13.13,64.82,Food,No,3333957.0,759.0,788.0,Medium
2015,Coffee,Germany,Visakhapatnam,6810.0,446.0,3575250.0,345650.0,2.78,62.32,Food,No,3229600.0,525.0,775.0,Low
2015,Tea,USA,Kolkata,5100.0,5269.0,3274200.0,2239325.0,21.7,71.94,Beverage,No,1034875.0,642.0,425.0,High
2016,Coffee,UK,Cochin,4754.0,2128.0,1421446.0,1381072.0,7.43,80.54,Cash Crop,No,40374.0,299.0,649.0,Medium
2016,Spices,UK,Visakhapatnam,8178.0,7091.0,2109924.0,3446226.0,4.06,62.53,Cash Crop,No,-1336302.0,258.0,486.0,Low
2019,Wheat,Bangladesh,Chennai,6163.0,7745.0,4357241.0,4879350.0,16.89,79.8,Food,Yes,-522109.0,707.0,630.0,High
2021,Spices,Sri Lanka,Chennai,2385.0,4794.0,2344905.0,2023068.0,0.95,80.29,Beverage,Yes,321837.0,983.188679245283,422.0,Low
2019,Spices,USA,Chennai,4896.0,4474.0,3257676.0,926118.0,15.5,72.06,Food,Yes,2331558.0,665.375,207.0,High
2019,Sugar,Germany,Chennai,7071.0,3956.0,4603221.0,1567899.0,17.45,61.43,Food,Yes,3035322.0,651.0,396.3344287158746,High
2015,Tea,USA,Kolkata,3625.0,5628.0,957000.0,1452024.0,5.37,64.36,Beverage,No,-495024.0,264.0,258.0,Medium
2019,Rice,China,Cochin,2922.0,3943.0,2320068.0,1687604.0,12.23,77.69,Food,Yes,632464.0,794.0,428.0,Medium
2016,Tea,Sri Lanka,Mumbai,5043.0,5097.0,1780179.0,2431269.0,9.09,77.79,Food,No,-651090.0,353.0,477.0,Medium
2019,Rice,Germany,Kolkata,6630.0,2055.0,3082950.0,1572352.0,2.46,82.46,Beverage,No,1510598.0,465.0,765.1347931873479,Low
2024,Tea,Vietnam,Kolkata,358.0,2066.0,99524.0,1287118.0,2.91,74.57,Cash Crop,No,-1187594.0,278.0,623.0,Low
2020,Cotton,Germany,Mumbai,382.0,3221.0,196348.0,1572352.0,6.36,63.1,Beverage,No,-1376004.0,514.0,488.156473144986,Medium
2021,Spices,UAE,Mumbai,4896.0,2718.0,1720278.0,1027404.0,7.39,63.04,Food,No,692874.0,351.3639705882353,378.0,Medium
2018,Wheat,Bangladesh,Chennai,4235.0,1928.0,3214365.0,1245488.0,13.25,78.03,Food,Yes,1968877.0,759.0,646.0,Medium
2021,Spices,UAE,Kolkata,6729.0,1246.0,2344905.0,380030.0,16.96,64.59,Food,No,1964875.0,348.47748551047704,305.0,High
2022,Pulses,Germany,Visakhapatnam,3300.0,1822.0,2669700.0,1133284.0,14.82,68.21,Food,No,1536416.0,809.0,622.0,Medium
2015,Spices,Sri Lanka,Mumbai,5210.0,211.0,3193730.0,88831.0,3.71,72.18,Cash Crop,No,3104899.0,613.0,421.0,Low
2020,Coffee,USA,Mumbai,7267.0,4026.0,2344905.0,607926.0,4.3,60.62,Cash Crop,Yes,1736979.0,322.67854685564885,151.0,Low
2022,Spices,China,Cochin,712.0,1801.0,343896.0,1188660.0,21.97,66.22,Food,No,-844764.0,483.0,660.0,High
2019,Sugar,USA,Visakhapatnam,787.0,825.0,509976.0,358875.0,13.96,70.2,Cash Crop,No,151101.0,648.0,435.0,Medium
2018,Cotton,Sri Lanka,Visakhapatnam,3790.0,7480.0,1895000.0,1211760.0,21.75,66.99,Cash Crop,Yes,683240.0,500.0,162.0,High
2016,Tea,Germany,Cochin,8904.0,5973.0,2377368.0,4521561.0,9.29,63.41,Cash Crop,No,-2144193.0,267.0,757.0,Medium
2020,Spices,UK,Chennai,2407.0,6467.0,495842.0,4184149.0,15.36,78.2,Food,No,-3688307.0,206.0,647.0,High
2020,Sugar,USA,Cochin,7233.0,7220.0,2430288.0,2794140.0,13.09,80.33,Food,Yes,-363852.0,336.0,387.0,Medium
2015,Sugar,UK,Visakhapatnam,6609.0,5197.0,2399067.0,1262871.0,7.98,66.44,Beverage,No,1136196.0,363.0,243.0,Medium
2023,Rice,USA,Cochin,6006.0,6519.0,1693692.0,3174753.0,11.75,79.36,Beverage,No,-1481061.0,282.0,487.0,Medium
2019,Spices,USA,Visakhapatnam,2691.0,989.0,2284659.0,316480.0,12.56,69.64,Food,No,1968179.0,849.0,320.0,Medium
2017,Wheat,Vietnam,Cochin,7283.0,3270.0,4508177.0,2468850.0,5.02,72.67,Cash Crop,No,2039327.0,619.0,755.0,Medium
2019,Pulses,Bangladesh,Cochin,5348.0,589.0,1454656.0,455297.0,7.88,81.4,Cash Crop,No,999359.0,272.0,773.0,Medium
2018,Wheat,Bangladesh,Kolkata,8866.0,6681.0,3865576.0,4783596.0,19.79,71.94,Food,Yes,-918020.0,436.0,716.0,High
2017,Coffee,China,Mumbai,5208.0,4967.0,1275960.0,3059672.0,22.89,80.13,Food,Yes,-1783712.0,245.0,616.0,High
2024,Cotton,UAE,Cochin,3704.0,1511.0,3026168.0,1572352.0,12.23,63.42,Beverage,No,1453816.0,817.0,1040.6035737921907,Medium
2019,Wheat,Sri Lanka,Kolkata,769.0,5234.0,354509.0,1528328.0,7.67,61.74,Beverage,No,-1173819.0,461.0,292.0,Medium
2017,Tea,Sri Lanka,Kolkata,4464.0,405.0,1674000.0,141750.0,4.88,82.34,Food,No,1532250.0,375.0,350.0,Low
2019,Spices,Sri Lanka,Visakhapatnam,7429.0,3654.0,2711585.0,1202166.0,16.96,71.94,Food,No,1509419.0,365.0,329.0,High
2021,Coffee,China,Visakhapatnam,1383.0,3373.0,1183848.0,1730349.0,8.08,67.2,Cash Crop,Yes,-546501.0,856.0,513.0,Medium
2018,Pulses,Bangladesh,Kolkata,1023.0,284.0,582087.0,178352.0,24.69,71.94,Food,No,403735.0,569.0,628.0,High
2023,Wheat,Germany,Visakhapatnam,1225.0,6420.0,309925.0,1572352.0,8.14,80.91,Food,No,-1262427.0,253.0,244.91464174454828,Medium
2015,Tea,UK,Cochin,1629.0,1598.0,2344905.0,990760.0,9.85,81.56,Cash Crop,No,1354145.0,1439.475138121547,620.0,Medium
2022,Rice,Vietnam,Chennai,9886.0,7530.0,6109548.0,4013490.0,15.08,67.9,Cash Crop,Yes,2096058.0,618.0,533.0,High
2021,Cotton,UK,Cochin,8538.0,2146.0,6027828.0,1214636.0,20.04,81.31,Cash Crop,Yes,4813192.0,706.0,566.0,High
2016,Coffee,Germany,Kolkata,3811.0,4263.0,2057940.0,1948191.0,11.74,61.02,Beverage,No,109749.0,540.0,457.0,Medium
2022,Rice,Vietnam,Kolkata,8104.0,2151.0,2641904.0,1716498.0,10.57,61.24,Food,No,925406.0,326.0,798.0,Medium
2015,Rice,China,Cochin,9852.0,1723.0,2344905.0,889068.0,24.89,75.59,Beverage,No,1455837.0,238.01309378806334,516.0,High
2023,Rice,Germany,Visakhapatnam,6374.0,6758.0,3607684.0,1013700.0,0.26,61.58,Cash Crop,Yes,2593984.0,566.0,150.0,Low
2023,Sugar,Sri Lanka,Visakhapatnam,3964.0,5213.0,1863080.0,1006109.0,22.38,68.12,Beverage,Yes,856971.0,470.0,193.0,High
2019,Spices,China,Kolkata,7933.0,3956.0,2344905.0,531050.0,3.73,76.82,Cash Crop,Yes,1813855.0,295.5886801966469,134.2391304347826,Low
2021,Pulses,USA,Mumbai,6888.0,3956.0,5537952.0,1534698.0,12.23,71.94,Beverage,No,4003254.0,804.0,387.9418604651163,Medium
2024,Spices,UK,Visakhapatnam,326.0,3956.0,2344905.0,1359167.0,15.45,64.49,Food,Yes,985738.0,7192.960122699386,343.57103134479274,High
2017,Cotton,Bangladesh,Cochin,364.0,3956.0,2344905.0,2296980.0,8.55,67.03,Cash Crop,No,47925.0,6442.0467032967035,580.6319514661274,Medium
2021,Sugar,Bangladesh,Visakhapatnam,9687.0,3956.0,4330089.0,1466028.0,21.85,71.44,Beverage,No,2864061.0,447.0,370.5834175935288,High
2024,Spices,China,Cochin,745.0,3956.0,180290.0,712283.0,0.32,71.88,Food,Yes,-531993.0,242.0,180.05131445904954,Low
2023,Cotton,Vietnam,Kolkata,7644.0,1865.0,4402944.0,632235.0,5.67,79.58,Beverage,No,3770709.0,576.0,339.0,Medium
2018,Rice,Bangladesh,Visakhapatnam,5669.0,3956.0,1360560.0,1622547.0,14.17,78.75,Beverage,Yes,-261987.0,240.0,410.14838220424673,Medium
2015,Coffee,Sri Lanka,Cochin,3090.0,3956.0,2344905.0,965850.0,8.79,71.42,Food,No,1379055.0,758.8689320388349,244.14812942366027,Medium
2016,Spices,UK,Kolkata,2604.0,7061.0,1070244.0,1807616.0,15.26,81.14,Cash Crop,No,-737372.0,411.0,256.0,High
2015,Tea,Germany,Mumbai,9446.0,4543.0,6536632.0,1730883.0,0.6,62.86,Food,Yes,4805749.0,692.0,381.0,Low
2019,Tea,Sri Lanka,Cochin,687.0,7355.0,2344905.0,1572352.0,2.91,66.38,Beverage,No,772553.0,3413.2532751091703,213.78001359619307,Low
2019,Wheat,China,Mumbai,9277.0,724.0,2207926.0,208512.0,3.18,80.7,Cash Crop,No,1999414.0,238.0,288.0,Low
2021,Spices,Sri Lanka,Mumbai,4179.0,436.0,2373672.0,333104.0,4.73,69.45,Beverage,No,2040568.0,568.0,764.0,Low
2023,Coffee,Germany,Chennai,4896.0,2208.0,1206800.0,1572352.0,12.23,84.53,Beverage,No,-365552.0,246.48692810457516,712.1159420289855,Medium
2023,Pulses,UAE,Visakhapatnam,6399.0,2711.0,2344905.0,1707930.0,18.8,71.94,Food,No,636975.0,366.44866385372717,630.0,High
2017,Sugar,China,Cochin,3931.0,2114.0,2669149.0,1194410.0,22.64,79.8,Food,No,1474739.0,679.0,565.0,High
2017,Spices,UAE,Mumbai,9533.0,3901.0,6053455.0,2555155.0,20.88,70.06,Cash Crop,No,3498300.0,635.0,655.0,High
2017,Wheat,USA,Chennai,8481.0,3303.0,2086326.0,1572352.0,4.92,70.62,Cash Crop,No,513974.0,246.0,476.0375416288223,Low
2018,Tea,UAE,Kolkata,9272.0,5029.0,7061511.75,2796124.0,11.03,69.57,Cash Crop,Yes,4265387.75,761.595313848145,556.0,Medium
2022,Sugar,USA,Cochin,9990.0,7753.0,5644350.0,5087903.0,4.99,77.98,Beverage,Yes,556447.0,565.0,656.2495808074294,Low
2020,Spices,USA,Mumbai,1815.0,4686.0,486420.0,2525754.0,6.61,73.69,Food,No,-2039334.0,268.0,539.0,Medium
2022,Rice,China,Cochin,4896.0,4316.0,3261900.0,2119156.0,12.59,83.59,Food,No,1142744.0,666.2377450980392,491.0,Medium
2015,Pulses,China,Chennai,5533.0,3956.0,2738835.0,5037326.0,1.7,66.27,Food,No,-2298491.0,495.0,1273.3382204246714,Low
2019,Pulses,China,Mumbai,1198.0,789.0,481596.0,506538.0,5.45,62.51,Cash Crop,No,-24942.0,402.0,642.0,Medium
2018,Spices,Germany,Visakhapatnam,4896.0,1451.0,1870960.0,494791.0,23.38,69.83,Food,Yes,1376169.0,382.140522875817,341.0,High
2019,Tea,Sri Lanka,Mumbai,2426.0,3309.0,1244538.0,2144232.0,11.65,75.42,Food,Yes,-899694.0,513.0,648.0,Medium
2022,Pulses,China,Cochin,9187.0,7051.0,3307320.0,2693482.0,11.13,81.52,Food,Yes,613838.0,360.0,382.0,Medium
2018,Coffee,China,Cochin,6516.0,2327.0,3453480.0,1572352.0,0.36,68.65,Cash Crop,No,1881128.0,530.0,675.6991834980662,Low
2020,Pulses,UK,Cochin,7080.0,3954.0,5147160.0,2056080.0,6.18,76.34,Food,No,3091080.0,727.0,520.0,Medium
2019,Sugar,UK,Chennai,6863.0,3973.0,3685431.0,1144224.0,21.66,68.75,Cash Crop,No,2541207.0,537.0,288.0,High
2018,Rice,USA,Cochin,1774.0,4264.0,1428070.0,1270672.0,4.12,75.43,Food,Yes,157398.0,805.0,298.0,Low
2017,Spices,USA,Visakhapatnam,8050.0,3277.0,4049150.0,865128.0,10.38,82.12,Food,Yes,3184022.0,503.0,264.0,Medium
2023,Spices,China,Mumbai,9222.0,2881.0,6473844.0,1725719.0,0.36,65.78,Food,Yes,4748125.0,702.0,599.0,Low
2017,Tea,Bangladesh,Kolkata,9015.0,3808.0,7061511.75,807296.0,11.96,70.11,Cash Crop,No,6254215.75,783.3069051580699,212.0,Medium
2023,Spices,UAE,Visakhapatnam,6149.0,2562.0,3302013.0,648186.0,0.53,84.83,Food,Yes,2653827.0,537.0,253.0,Low
2019,Sugar,USA,Visakhapatnam,1189.0,2201.0,890561.0,1572352.0,20.49,81.71,Food,Yes,-681791.0,749.0,714.3807360290776,High
2016,Coffee,Sri Lanka,Cochin,4678.0,3725.0,3920164.0,577375.0,20.62,74.12,Food,No,3342789.0,838.0,155.0,High
2016,Spices,China,Chennai,9227.0,2795.0,4373598.0,827320.0,12.23,72.92,Cash Crop,Yes,3546278.0,474.0,296.0,Medium
2020,Coffee,China,Cochin,255.0,6141.0,92565.0,2044953.0,7.08,67.12,Cash Crop,Yes,-1952388.0,363.0,333.0,Medium
2019,Sugar,China,Chennai,9362.0,3916.0,6010404.0,693132.0,20.93,72.93,Food,No,5317272.0,642.0,177.0,High
2023,Sugar,UAE,Mumbai,2058.0,7719.0,1066044.0,1572352.0,13.57,71.94,Beverage,No,-506308.0,518.0,203.69892473118279,Medium
2018,Spices,UAE,Mumbai,6444.0,3814.0,5077872.0,1022152.0,9.35,77.13,Food,No,4055720.0,788.0,268.0,Medium
2015,Wheat,Germany,Cochin,4896.0,5851.0,2344905.0,2586142.0,15.63,67.25,Food,No,-241237.0,478.9430147058824,442.0,High
2018,Spices,USA,Visakhapatnam,6244.0,3956.0,2344905.0,3051360.0,12.23,65.04,Cash Crop,No,-706455.0,375.54532351057014,771.324570273003,Medium
2019,Tea,Vietnam,Mumbai,5163.0,2272.0,3025518.0,1572352.0,3.57,66.63,Food,No,1453166.0,586.0,692.056338028169,Low
2019,Rice,China,Chennai,3930.0,7951.0,2344905.0,5087903.0,18.56,64.24,Food,Yes,-2742998.0,596.6679389312977,639.9073072569488,High
2018,Coffee,Vietnam,Mumbai,9146.0,3956.0,7061511.75,1043014.0,6.1,62.39,Beverage,No,6018497.75,772.087442597857,263.65369059656217,Medium
2022,Spices,China,Kolkata,8931.0,1747.0,6189183.0,569522.0,14.95,70.48,Beverage,No,5619661.0,693.0,326.0,Medium
2022,Rice,Germany,Visakhapatnam,9894.0,5590.0,6816966.0,2504320.0,9.63,62.83,Cash Crop,No,4312646.0,689.0,448.0,Medium
2019,Wheat,China,Cochin,6759.0,7351.0,1838448.0,1521657.0,21.37,64.3,Beverage,No,316791.0,272.0,207.0,High
2017,Pulses,Vietnam,Mumbai,541.0,3956.0,383028.0,1468016.0,23.81,73.68,Beverage,No,-1084988.0,708.0,371.0859453993933,High
2019,Pulses,China,Kolkata,6140.0,4113.0,3616460.0,1879641.0,22.09,64.11,Cash Crop,No,1736819.0,589.0,457.0,High
2015,Cotton,UK,Cochin,6025.0,5905.0,2344905.0,4245695.0,6.77,61.6,Cash Crop,No,-1900790.0,389.1958506224066,719.0,Medium
2017,Pulses,USA,Cochin,7458.0,1574.0,3684252.0,687838.0,4.85,67.93,Cash Crop,No,2996414.0,494.0,437.0,Low
2020,Spices,USA,Mumbai,4728.0,4810.0,2685504.0,1221740.0,11.86,65.51,Cash Crop,No,1463764.0,568.0,254.0,Medium
2021,Pulses,Bangladesh,Chennai,6470.0,82.0,5777710.0,30914.0,0.18,72.88,Food,Yes,5746796.0,893.0,377.0,Low
2019,Sugar,Germany,Mumbai,9628.0,6248.0,7061511.75,2474208.0,0.65,62.56,Cash Crop,No,4587303.75,733.4349553385957,396.0,Low
2019,Coffee,Sri Lanka,Kolkata,1048.0,4075.0,888704.0,2620225.0,13.83,78.79,Food,No,-1731521.0,848.0,643.0,Medium
2020,Spices,UAE,Cochin,8279.0,2616.0,6349993.0,606912.0,12.23,82.66,Cash Crop,No,5743081.0,767.0,232.0,Medium
2017,Rice,China,Mumbai,6215.0,3956.0,2398990.0,1572352.0,24.86,78.59,Beverage,Yes,826638.0,386.0,397.46006066734077,High
2020,Spices,USA,Cochin,559.0,3946.0,359996.0,1582346.0,12.23,73.32,Food,Yes,-1222350.0,644.0,401.0,Medium
2022,Cotton,Vietnam,Mumbai,7668.0,3759.0,5896692.0,1894536.0,6.45,81.52,Food,No,4002156.0,769.0,504.0,Medium
2016,Cotton,China,Visakhapatnam,4746.0,6205.0,2667252.0,2227595.0,2.84,77.37,Food,No,439657.0,562.0,359.0,Low
2019,Rice,China,Chennai,492.0,5697.0,158424.0,4318326.0,22.94,60.26,Cash Crop,Yes,-4159902.0,322.0,758.0,High
2015,Rice,Bangladesh,Kolkata,1887.0,769.0,730269.0,458324.0,19.45,69.85,Food,No,271945.0,387.0,596.0,High
2015,Rice,Sri Lanka,Cochin,7474.0,6748.0,6569646.0,4109532.0,20.56,81.27,Beverage,No,2460114.0,879.0,609.0,High
2019,Spices,USA,Mumbai,1238.0,6566.0,766322.0,4077486.0,22.57,68.65,Cash Crop,No,-3311164.0,619.0,621.0,High
2017,Cotton,China,Cochin,4841.0,4629.0,2344905.0,1572352.0,12.23,60.88,Food,Yes,772553.0,484.38442470563933,339.67422769496653,Medium
2018,Cotton,USA,Visakhapatnam,7518.0,1022.0,3390618.0,655102.0,12.23,78.65,Food,No,2735516.0,451.0,641.0,Medium
2017,Wheat,UAE,Chennai,6462.0,3768.0,5285916.0,1077648.0,8.26,80.05,Cash Crop,No,4208268.0,818.0,286.0,Medium
2015,Spices,Bangladesh,Visakhapatnam,4896.0,7445.0,1910392.0,1572352.0,14.73,64.01,Food,Yes,338040.0,390.19444444444446,211.19570181329752,Medium
2019,Coffee,UAE,Kolkata,9758.0,6816.0,5210772.0,2269728.0,11.36,73.43,Cash Crop,No,2941044.0,534.0,333.0,Medium
2019,Pulses,USA,Cochin,3774.0,4452.0,1098234.0,3281124.0,11.29,64.8,Food,Yes,-2182890.0,291.0,737.0,Medium
2020,Pulses,UK,Kolkata,1477.0,3956.0,1076733.0,2006472.0,12.23,77.98,Beverage,No,-929739.0,729.0,507.19716885743173,Medium
2017,Sugar,Vietnam,Mumbai,6801.0,2257.0,2344905.0,1401597.0,24.6,66.79,Food,Yes,943308.0,344.7882664314071,621.0,High
2023,Cotton,USA,Chennai,2697.0,4476.0,2322117.0,2345424.0,19.91,67.91,Food,Yes,-23307.0,861.0,524.0,High
2019,Sugar,Sri Lanka,Visakhapatnam,241.0,6969.0,171351.0,4780734.0,18.92,81.12,Cash Crop,Yes,-4609383.0,711.0,686.0,High
2022,Spices,China,Visakhapatnam,2759.0,4370.0,932542.0,2884200.0,17.01,71.91,Food,Yes,-1951658.0,338.0,660.0,High
2015,Spices,China,Chennai,4696.0,3080.0,4212312.0,2242240.0,4.15,76.74,Cash Crop,No,1970072.0,897.0,728.0,Low
2019,Sugar,UAE,Chennai,9131.0,6922.0,3506304.0,2761878.0,1.48,70.06,Beverage,No,744426.0,384.0,399.0,Low
2017,Cotton,Vietnam,Mumbai,5761.0,3625.0,2327444.0,2388875.0,17.27,67.45,Food,No,-61431.0,404.0,659.0,High
2015,Sugar,Bangladesh,Kolkata,6242.0,5625.0,2577946.0,4381875.0,18.22,75.64,Food,Yes,-1803929.0,413.0,779.0,High
2018,Pulses,UK,Visakhapatnam,5726.0,3166.0,2605330.0,702852.0,1.17,63.87,Food,No,1902478.0,455.0,222.0,Low
2019,Spices,Germany,Mumbai,8887.0,3335.0,2968258.0,1572352.0,23.2,69.32,Beverage,Yes,1395906.0,334.0,471.4698650674663,High
2021,Pulses,Vietnam,Kolkata,8572.0,5228.0,6617584.0,2661052.0,2.28,65.23,Cash Crop,No,3956532.0,772.0,509.0,Low
2015,Spices,China,Mumbai,523.0,693.0,150101.0,110187.0,7.15,77.39,Food,Yes,39914.0,287.0,159.0,Medium
2017,Cotton,Sri Lanka,Visakhapatnam,7099.0,4761.0,2882194.0,1713960.0,16.81,83.61,Food,No,1168234.0,406.0,360.0,High
2019,Cotton,Vietnam,Chennai,4349.0,244.0,1426472.0,73444.0,4.25,84.89,Food,Yes,1353028.0,328.0,301.0,Low
2023,Coffee,UAE,Chennai,1850.0,4046.0,373700.0,623084.0,1.39,71.26,Food,No,-249384.0,202.0,154.0,Low
2024,Rice,UAE,Kolkata,4857.0,538.0,1554240.0,185072.0,8.28,66.31,Cash Crop,Yes,1369168.0,320.0,344.0,Medium
2020,Tea,Germany,Cochin,2067.0,2254.0,1207128.0,1572352.0,19.15,71.07,Food,No,-365224.0,584.0,697.5829636202307,High
2024,Spices,Sri Lanka,Kolkata,4188.0,2707.0,2344905.0,1659391.0,10.34,81.18,Cash Crop,Yes,685514.0,559.9104584527221,613.0,Medium
2017,Cotton,Bangladesh,Cochin,4278.0,5395.0,1013886.0,1413490.0,16.32,65.15,Beverage,No,-399604.0,237.0,262.0,High
2019,Spices,Vietnam,Mumbai,7889.0,6605.0,4260060.0,2774100.0,14.49,71.94,Cash Crop,No,1485960.0,540.0,420.0,Medium
2022,Spices,China,Mumbai,3046.0,3326.0,2344905.0,1037712.0,0.56,68.55,Food,No,1307193.0,769.8309258043336,312.0,Low
2019,Coffee,Bangladesh,Visakhapatnam,9741.0,1152.0,2143020.0,701568.0,24.71,84.65,Beverage,Yes,1441452.0,220.0,609.0,High
2020,Spices,Sri Lanka,Cochin,4896.0,5293.0,2422854.0,1572352.0,1.04,80.97,Food,Yes,850502.0,494.8639705882353,297.0625354241451,Low
2021,Rice,Sri Lanka,Visakhapatnam,7980.0,6664.0,5218920.0,4698120.0,24.2,80.21,Beverage,Yes,520800.0,654.0,705.0,High
2016,Rice,USA,Chennai,5175.0,1291.0,4243500.0,556421.0,13.75,71.94,Beverage,Yes,3687079.0,820.0,431.0,Medium
2024,Coffee,UAE,Cochin,7330.0,565.0,3679660.0,175715.0,24.08,60.22,Beverage,Yes,3503945.0,502.0,311.0,High
2016,Coffee,Vietnam,Kolkata,1631.0,5771.0,1296645.0,2885500.0,2.87,69.55,Beverage,No,-1588855.0,795.0,500.0,Low
2024,Sugar,Sri Lanka,Chennai,4896.0,5273.0,2453460.0,3074159.0,12.26,67.55,Food,Yes,-620699.0,501.1151960784314,583.0,Medium
2015,Cotton,China,Chennai,7255.0,442.0,1944340.0,127738.0,4.24,60.93,Cash Crop,No,1816602.0,268.0,289.0,Low
2022,Rice,Germany,Kolkata,4593.0,680.0,1506504.0,421600.0,1.27,72.63,Food,No,1084904.0,328.0,620.0,Low
2019,Spices,Sri Lanka,Chennai,9435.0,3766.0,3726825.0,1058246.0,15.44,70.08,Cash Crop,Yes,2668579.0,395.0,281.0,High
2023,Tea,China,Cochin,1033.0,1897.0,350187.0,447692.0,5.19,75.86,Food,No,-97505.0,339.0,236.0,Medium
2020,Spices,UAE,Cochin,1560.0,3956.0,1003080.0,898060.0,14.69,75.53,Beverage,Yes,105020.0,643.0,227.01213346814964,Medium
2021,Wheat,China,Chennai,2823.0,1029.0,1360686.0,531993.0,2.81,63.02,Beverage,Yes,828693.0,482.0,517.0,Low
2024,Wheat,Vietnam,Cochin,385.0,4579.0,196735.0,1272962.0,8.3,84.42,Food,Yes,-1076227.0,511.0,278.0,Medium
2021,Coffee,Vietnam,Mumbai,364.0,3452.0,267176.0,1363540.0,19.54,64.67,Cash Crop,No,-1096364.0,734.0,395.0,High
2024,Sugar,UAE,Cochin,6916.0,7360.0,5975424.0,5087903.0,10.93,71.13,Food,Yes,887521.0,864.0,691.2911684782608,Medium
2017,Wheat,Vietnam,Visakhapatnam,1862.0,3921.0,886312.0,2850567.0,15.69,72.2,Cash Crop,Yes,-1964255.0,476.0,727.0,High
2016,Rice,China,Cochin,140.0,6733.0,36400.0,3548291.0,16.19,80.33,Food,Yes,-3511891.0,260.0,527.0,High
2019,Spices,Sri Lanka,Kolkata,5927.0,327.0,3070186.0,97446.0,21.09,62.48,Cash Crop,No,2972740.0,518.0,298.0,High
2022,Spices,Sri Lanka,Visakhapatnam,8359.0,282.0,2098109.0,164124.0,8.12,70.72,Cash Crop,Yes,1933985.0,251.0,582.0,Medium
2024,Coffee,USA,Mumbai,1087.0,1602.0,382624.0,1244754.0,17.18,75.71,Food,No,-862130.0,352.0,777.0,High
2021,Cotton,China,Kolkata,4896.0,3956.0,4031040.0,3547320.0,24.04,65.38,Beverage,No,483720.0,823.3333333333334,896.6936299292214,High
2023,Cotton,Vietnam,Cochin,7889.0,5259.0,2344905.0,3129105.0,18.26,75.69,Beverage,Yes,-784200.0,297.23729243250096,595.0,High
2018,Tea,China,Visakhapatnam,5817.0,7709.0,4455822.0,4856670.0,12.25,83.09,Food,No,-400848.0,766.0,630.0,Medium
2018,Coffee,Vietnam,Mumbai,3298.0,3320.0,1939224.0,1470760.0,12.23,84.94,Cash Crop,No,468464.0,588.0,443.0,Medium
2015,Pulses,Vietnam,Kolkata,5474.0,2459.0,4089078.0,718028.0,18.49,60.81,Food,Yes,3371050.0,747.0,292.0,High
2022,Tea,Bangladesh,Mumbai,4896.0,3562.0,4014690.0,1421238.0,12.23,65.89,Cash Crop,Yes,2593452.0,819.9938725490196,399.0,Medium
2017,Pulses,USA,Cochin,7283.0,75.0,2738408.0,33825.0,0.42,67.76,Beverage,Yes,2704583.0,376.0,451.0,Low
2021,Cotton,China,Mumbai,2624.0,7242.0,1472064.0,1260108.0,4.87,69.98,Beverage,No,211956.0,561.0,174.0,Low
2019,Coffee,China,Chennai,4896.0,5563.0,4810401.0,1218297.0,20.26,66.06,Cash Crop,Yes,3592104.0,982.5165441176471,219.0,High
2016,Pulses,Vietnam,Cochin,4896.0,6700.0,763384.0,5087903.0,12.23,65.09,Cash Crop,No,-4324519.0,155.91993464052288,759.3885074626866,Medium
2021,Coffee,USA,Mumbai,4896.0,7518.0,4113820.0,1962198.0,18.29,83.86,Beverage,No,2151622.0,840.2410130718954,261.0,High
2020,Coffee,Sri Lanka,Cochin,4896.0,7556.0,1765344.0,3876228.0,9.3,82.96,Beverage,No,-2110884.0,360.5686274509804,513.0,Medium
2017,Cotton,China,Cochin,878.0,6460.0,179990.0,1572352.0,13.05,61.17,Food,No,-1392362.0,205.0,243.39814241486067,Medium
2023,Tea,Sri Lanka,Mumbai,9877.0,510.0,3042116.0,316200.0,12.23,68.47,Beverage,No,2725916.0,308.0,620.0,Medium
2024,Tea,USA,Cochin,1592.0,3814.0,1187632.0,915360.0,4.53,70.13,Food,Yes,272272.0,746.0,240.0,Low
2020,Coffee,Sri Lanka,Visakhapatnam,760.0,6649.0,180880.0,4514671.0,23.93,65.98,Food,No,-4333791.0,238.0,679.0,High
2024,Wheat,UAE,Visakhapatnam,4896.0,3481.0,1246728.0,1187021.0,22.25,75.72,Cash Crop,No,59707.0,254.6421568627451,341.0,High
2024,Sugar,Bangladesh,Visakhapatnam,9591.0,5237.0,5984784.0,3671137.0,16.31,76.01,Food,No,2313647.0,624.0,701.0,High
2020,Cotton,UK,Chennai,7951.0,5152.0,6591379.0,2014432.0,11.49,81.26,Cash Crop,Yes,4576947.0,829.0,391.0,Medium
2015,Sugar,China,Mumbai,7256.0,7056.0,3337760.0,2025072.0,16.89,78.52,Beverage,Yes,1312688.0,460.0,287.0,High
2018,Sugar,Germany,Chennai,2144.0,3956.0,1340000.0,1745302.0,15.47,71.94,Cash Crop,No,-405302.0,625.0,441.1784630940344,High
2024,Tea,Bangladesh,Cochin,7468.0,2044.0,2135848.0,672476.0,12.23,76.34,Food,No,1463372.0,286.0,329.0,Medium
2020,Tea,UK,Chennai,3616.0,3956.0,2401024.0,352080.0,1.48,66.85,Cash Crop,Yes,2048944.0,664.0,88.9989888776542,Low
2020,Wheat,Sri Lanka,Cochin,9350.0,1122.0,2571250.0,1572352.0,15.82,74.83,Food,Yes,998898.0,275.0,1401.3832442067737,High
2019,Sugar,China,Cochin,9268.0,7904.0,6209560.0,5087903.0,19.22,72.23,Cash Crop,No,1121657.0,670.0,643.7124240890688,High
2015,Sugar,Sri Lanka,Kolkata,4677.0,6757.0,2344905.0,2304137.0,24.85,71.94,Beverage,Yes,40768.0,501.36946760744064,341.0,High
2022,Coffee,China,Visakhapatnam,827.0,3223.0,542512.0,496342.0,0.28,66.06,Beverage,Yes,46170.0,656.0,154.0,Low
2019,Tea,USA,Cochin,7568.0,265.0,2344905.0,102290.0,18.25,67.29,Cash Crop,No,2242615.0,309.8447410147991,386.0,High
2019,Sugar,China,Kolkata,442.0,7655.0,193596.0,3521300.0,14.29,83.11,Cash Crop,No,-3327704.0,438.0,460.0,Medium
2021,Spices,UK,Visakhapatnam,1547.0,1773.0,1355172.0,1572352.0,10.85,65.76,Cash Crop,No,-217180.0,876.0,886.8313592780598,Medium
2018,Wheat,UK,Cochin,6681.0,1642.0,2344905.0,336610.0,3.19,67.23,Food,Yes,2008295.0,350.9811405478222,205.0,Low
2020,Pulses,UAE,Cochin,6417.0,2656.0,5467284.0,1572352.0,10.23,69.23,Cash Crop,No,3894932.0,852.0,592.0,Medium
2018,Spices,UAE,Chennai,626.0,208.0,2344905.0,80288.0,8.86,76.59,Cash Crop,Yes,2264617.0,3745.854632587859,386.0,Medium
2017,Spices,Vietnam,Chennai,6848.0,6682.0,5183936.0,2311972.0,7.57,62.96,Food,No,2871964.0,757.0,346.0,Medium
2021,Pulses,China,Visakhapatnam,505.0,3956.0,288355.0,3545954.0,18.27,83.85,Beverage,No,-3257599.0,571.0,896.3483316481294,High
2022,Cotton,Sri Lanka,Cochin,8086.0,3363.0,5611684.0,2421360.0,17.52,81.64,Cash Crop,Yes,3190324.0,694.0,720.0,High
2018,Cotton,Germany,Cochin,9865.0,2891.0,7061511.75,1916733.0,14.73,71.94,Cash Crop,Yes,5144778.75,715.81467308667,663.0,Medium
2016,Wheat,UK,Chennai,4896.0,1826.0,936960.0,1572352.0,23.47,76.85,Beverage,No,-635392.0,191.37254901960785,861.0909090909091,High
2024,Spices,UK,Visakhapatnam,1946.0,2102.0,1167600.0,1069918.0,12.23,60.42,Food,No,97682.0,600.0,509.0,Medium
2017,Sugar,UAE,Cochin,1578.0,7813.0,703788.0,1398527.0,12.23,68.47,Food,Yes,-694739.0,446.0,179.0,Medium
2015,Tea,Bangladesh,Cochin,871.0,5989.0,2344905.0,1539173.0,16.4,79.89,Food,No,805732.0,2692.198622273249,257.0,High
2022,Wheat,UAE,Mumbai,5625.0,6554.0,4477500.0,4922054.0,4.97,71.94,Cash Crop,No,-444554.0,796.0,751.0,Low
2017,Coffee,Germany,Cochin,8870.0,6652.0,5756630.0,1572352.0,7.88,67.06,Food,Yes,4184278.0,649.0,236.3728202044498,Medium
2024,Pulses,China,Cochin,4896.0,2345.0,200412.0,1376515.0,5.62,74.63,Beverage,No,-1176103.0,40.93382352941177,587.0,Medium
2021,Spices,Sri Lanka,Chennai,2107.0,5735.0,2344905.0,4329925.0,1.73,66.41,Food,Yes,-1985020.0,1112.9117228286664,755.0,Low
2019,Wheat,Bangladesh,Mumbai,1285.0,1746.0,1052415.0,1058076.0,20.69,83.35,Beverage,No,-5661.0,819.0,606.0,High
2019,Rice,UK,Visakhapatnam,2494.0,3043.0,541198.0,2324852.0,6.36,71.94,Food,Yes,-1783654.0,217.0,764.0,Medium
2024,Rice,UAE,Mumbai,9402.0,2519.0,7061511.75,1622236.0,11.83,71.94,Beverage,No,5439275.75,751.0648532227186,644.0,Medium
2019,Cotton,China,Chennai,4105.0,1996.0,2344905.0,790416.0,1.08,72.7,Food,No,1554489.0,571.231425091352,396.0,Low
2019,Pulses,Sri Lanka,Visakhapatnam,7529.0,3859.0,3674152.0,2670428.0,12.23,78.76,Beverage,No,1003724.0,488.0,692.0,Medium
2023,Tea,Germany,Mumbai,2361.0,6208.0,2344905.0,4426304.0,8.26,67.77,Beverage,No,-2081399.0,993.1829733163913,713.0,Medium
2019,Sugar,China,Kolkata,3836.0,2833.0,3210732.0,2087921.0,18.62,71.94,Beverage,No,1122811.0,837.0,737.0,High
2015,Tea,USA,Chennai,6816.0,3956.0,2344905.0,2172072.0,10.31,81.42,Beverage,No,172833.0,344.0294894366197,549.0576339737108,Medium
2019,Tea,USA,Chennai,4975.0,5291.0,3059625.0,2259257.0,4.89,71.67,Beverage,Yes,800368.0,615.0,427.0,Low
2024,Tea,USA,Chennai,9021.0,6470.0,2344905.0,1572352.0,12.83,68.99,Cash Crop,No,772553.0,259.93847688726305,243.02194744976816,Medium
2015,Pulses,China,Cochin,4478.0,5727.0,3730174.0,4363974.0,3.26,73.4,Beverage,No,-633800.0,833.0,762.0,Low
2016,Tea,UK,Kolkata,4896.0,2550.0,6719835.0,663000.0,11.01,77.93,Cash Crop,Yes,6056835.0,1372.515318627451,260.0,Medium
2020,Coffee,UAE,Cochin,3551.0,7607.0,1115014.0,4062138.0,7.93,71.09,Beverage,No,-2947124.0,314.0,534.0,Medium
2023,Pulses,China,Mumbai,7716.0,7511.0,6736068.0,2553740.0,22.8,83.47,Cash Crop,No,4182328.0,873.0,340.0,High
2019,Coffee,Vietnam,Cochin,4896.0,3695.0,4302288.0,2361105.0,1.52,67.37,Cash Crop,Yes,1941183.0,878.7352941176471,639.0,Low
2019,Pulses,Vietnam,Mumbai,2900.0,2695.0,2143100.0,1549625.0,17.35,71.89,Food,No,593475.0,739.0,575.0,High
2015,Cotton,Sri Lanka,Kolkata,8433.0,6639.0,1770930.0,3678006.0,4.57,78.92,Beverage,Yes,-1907076.0,210.0,554.0,Low
2021,Wheat,China,Kolkata,4896.0,6403.0,2231550.0,3099052.0,7.98,77.23,Food,Yes,-867502.0,455.7904411764706,484.0,Medium
2019,Rice,Vietnam,Cochin,1555.0,7807.0,1365290.0,2794906.0,10.39,81.59,Food,No,-1429616.0,878.0,358.0,Medium
2020,Tea,China,Visakhapatnam,6992.0,6907.0,3118432.0,1181097.0,22.7,84.92,Beverage,Yes,1937335.0,446.0,171.0,High
2021,Cotton,China,Cochin,5908.0,2399.0,4478264.0,1823240.0,6.06,70.67,Food,No,2655024.0,758.0,760.0,Medium
2017,Spices,Germany,Mumbai,4896.0,1982.0,2248096.0,707574.0,2.28,71.94,Beverage,No,1540522.0,459.16993464052285,357.0,Low
2024,Rice,UK,Cochin,4896.0,3344.0,1694016.0,525008.0,7.97,60.76,Food,No,1169008.0,346.0,157.0,Medium
2019,Spices,UAE,Chennai,5193.0,1807.0,1646181.0,1225146.0,2.62,78.17,Beverage,No,421035.0,317.0,678.0,Low
2019,Sugar,USA,Cochin,1425.0,6196.0,827925.0,4653196.0,3.21,81.85,Beverage,No,-3825271.0,581.0,751.0,Low
2020,Coffee,Vietnam,Mumbai,5076.0,5135.0,2344905.0,1617525.0,14.35,65.52,Beverage,Yes,727380.0,461.959219858156,315.0,Medium
2023,Spices,UAE,Visakhapatnam,9505.0,5687.0,7061511.75,3668115.0,1.52,71.94,Cash Crop,Yes,3393396.75,742.9260126249343,645.0,Low
2019,Pulses,UK,Kolkata,1259.0,1166.0,985797.0,861674.0,0.77,61.56,Food,No,124123.0,783.0,739.0,Low
2019,Spices,Bangladesh,Mumbai,4896.0,2617.0,2669500.0,1512626.0,17.86,80.57,Cash Crop,No,1156874.0,545.2410130718954,578.0,High
2018,Spices,Bangladesh,Kolkata,5087.0,3549.0,3601596.0,1107288.0,12.23,67.78,Food,Yes,2494308.0,708.0,312.0,Medium
2019,Sugar,UK,Cochin,4797.0,542.0,1611792.0,279130.0,3.13,70.04,Food,No,1332662.0,336.0,515.0,Low
2024,Cotton,Germany,Chennai,440.0,3356.0,164560.0,2265300.0,12.23,72.57,Food,No,-2100740.0,374.0,675.0,Medium
2019,Rice,Sri Lanka,Visakhapatnam,3928.0,669.0,1916864.0,259572.0,12.23,71.94,Cash Crop,No,1657292.0,488.0,388.0,Medium
2019,Spices,Sri Lanka,Kolkata,2068.0,3282.0,2344905.0,725322.0,6.89,76.27,Food,No,1619583.0,1133.8999032882011,221.0,Medium
2019,Coffee,Germany,Mumbai,803.0,7938.0,175054.0,4715172.0,12.36,75.38,Cash Crop,No,-4540118.0,218.0,594.0,Medium
2019,Coffee,Bangladesh,Kolkata,5582.0,3873.0,2344905.0,2548434.0,3.04,64.39,Beverage,Yes,-203529.0,420.08330347545683,658.0,Low
2015,Wheat,Bangladesh,Mumbai,6476.0,6524.0,3425804.0,2727032.0,14.7,72.83,Food,No,698772.0,529.0,418.0,Medium
2019,Spices,China,Kolkata,1900.0,2430.0,710600.0,1370520.0,7.9,77.88,Food,No,-659920.0,374.0,564.0,Medium
2021,Tea,China,Mumbai,5563.0,6243.0,3604824.0,2459742.0,15.67,84.33,Beverage,Yes,1145082.0,648.0,394.0,High
2024,Spices,UAE,Cochin,5012.0,1596.0,2344905.0,333564.0,20.21,65.04,Beverage,Yes,2011341.0,467.8581404628891,209.0,High
2024,Cotton,Bangladesh,Mumbai,4896.0,5008.0,3314104.0,776240.0,15.29,60.24,Food,Yes,2537864.0,676.9003267973857,155.0,High
2020,Rice,China,Mumbai,955.0,5837.0,324700.0,1572352.0,7.39,61.88,Beverage,Yes,-1247652.0,340.0,269.37673462395065,Medium
2019,Rice,Vietnam,Chennai,2966.0,3613.0,866072.0,2008828.0,12.23,69.4,Cash Crop,No,-1142756.0,292.0,556.0,Medium
2018,Spices,USA,Mumbai,282.0,3956.0,123516.0,605730.0,8.19,80.51,Cash Crop,No,-482214.0,438.0,153.11678463094034,Medium
2016,Spices,Bangladesh,Chennai,3212.0,3956.0,1297648.0,665350.0,4.12,71.94,Food,No,632298.0,404.0,168.18756319514662,Low
2018,Cotton,Germany,Visakhapatnam,4896.0,6465.0,4379430.0,995610.0,12.23,71.42,Food,No,3383820.0,894.4914215686274,154.0,Medium
2024,Sugar,USA,Chennai,4592.0,4725.0,2902144.0,3217725.0,19.77,68.23,Cash Crop,Yes,-315581.0,632.0,681.0,High
2024,Pulses,UAE,Cochin,4896.0,1940.0,2629812.0,1572352.0,9.62,71.94,Food,Yes,1057460.0,537.1348039215686,810.4907216494845,Medium
2017,Cotton,Germany,Chennai,1617.0,1325.0,2344905.0,954000.0,10.9,71.26,Beverage,No,1390905.0,1450.1576994434138,720.0,Medium
2024,Coffee,USA,Visakhapatnam,5102.0,3956.0,2520388.0,4031541.0,12.23,66.37,Food,No,-1511153.0,494.0,1019.095298281092,Medium
2015,Cotton,Germany,Cochin,1456.0,2793.0,1221584.0,823935.0,14.74,68.8,Cash Crop,No,397649.0,839.0,295.0,Medium
2022,Rice,UAE,Kolkata,3729.0,6001.0,1793649.0,3222537.0,1.68,77.64,Food,No,-1428888.0,481.0,537.0,Low
2019,Coffee,Vietnam,Kolkata,3728.0,7916.0,805248.0,3150568.0,12.23,73.04,Food,Yes,-2345320.0,216.0,398.0,Medium
2018,Rice,China,Chennai,8310.0,7307.0,2344905.0,4932225.0,4.43,63.12,Cash Crop,No,-2587320.0,282.17870036101084,675.0,Low
2022,Wheat,UAE,Chennai,6232.0,2543.0,2916576.0,1553773.0,18.08,71.94,Cash Crop,Yes,1362803.0,468.0,611.0,High
2021,Tea,UAE,Visakhapatnam,9424.0,7210.0,4938176.0,1168020.0,19.32,75.9,Food,Yes,3770156.0,524.0,162.0,High
2016,Rice,Germany,Visakhapatnam,6688.0,5501.0,3370752.0,2932033.0,12.23,79.15,Cash Crop,Yes,438719.0,504.0,533.0,Medium
2015,Coffee,Vietnam,Mumbai,3411.0,5308.0,2217150.0,3742140.0,12.23,61.98,Cash Crop,Yes,-1524990.0,650.0,705.0,Medium
2018,Wheat,UK,Visakhapatnam,6148.0,406.0,1266488.0,222488.0,0.37,71.94,Cash Crop,No,1044000.0,206.0,548.0,Low
2022,Rice,Sri Lanka,Mumbai,6346.0,5770.0,3255498.0,969360.0,9.01,60.49,Cash Crop,No,2286138.0,513.0,168.0,Medium
2016,Sugar,China,Cochin,1087.0,6467.0,2344905.0,4682108.0,15.12,64.72,Cash Crop,No,-2337203.0,2157.226310947562,724.0,High
2017,Cotton,Bangladesh,Chennai,3421.0,7236.0,1341032.0,4631040.0,9.69,70.36,Cash Crop,No,-3290008.0,392.0,640.0,Medium
2015,Tea,China,Cochin,4715.0,6152.0,3644695.0,1572352.0,21.59,83.4,Beverage,Yes,2072343.0,773.0,255.58387516254876,High
2015,Rice,China,Cochin,8465.0,6504.0,6162520.0,3160944.0,12.23,71.43,Food,Yes,3001576.0,728.0,486.0,Medium
2017,Wheat,Bangladesh,Cochin,3841.0,3956.0,1421170.0,521992.0,7.34,67.26,Cash Crop,Yes,899178.0,370.0,131.9494438827098,Medium
2019,Sugar,Sri Lanka,Cochin,3152.0,3956.0,2344905.0,1572352.0,6.65,74.05,Food,No,772553.0,743.9419416243654,397.46006066734077,Medium
2017,Spices,Bangladesh,Cochin,6674.0,2051.0,2344905.0,555821.0,8.32,62.8,Beverage,Yes,1789084.0,351.34926580761163,271.0,Medium
2015,Wheat,China,Visakhapatnam,826.0,3956.0,484036.0,3687607.0,13.94,71.94,Cash Crop,Yes,-3203571.0,586.0,932.1554600606673,Medium
2015,Cotton,Sri Lanka,Cochin,3860.0,5559.0,1567160.0,1072887.0,17.68,74.21,Food,Yes,494273.0,406.0,193.0,High
2022,Wheat,China,Mumbai,5906.0,1333.0,4370440.0,621178.0,16.56,79.8,Food,Yes,3749262.0,740.0,466.0,High
2024,Sugar,USA,Visakhapatnam,1975.0,669.0,1635300.0,1572352.0,20.19,84.67,Cash Crop,No,62948.0,828.0,2350.301943198804,High
2016,Wheat,Germany,Cochin,7093.0,932.0,4362195.0,274008.0,22.15,71.94,Cash Crop,Yes,4088187.0,615.0,294.0,High
2017,Sugar,China,Visakhapatnam,4133.0,3956.0,2393007.0,402696.0,20.4,72.74,Cash Crop,Yes,1990311.0,579.0,101.79373104145601,High
2019,Rice,UK,Kolkata,5543.0,3692.0,1901249.0,1890304.0,0.47,82.72,Cash Crop,No,10945.0,343.0,512.0,Low
2019,Spices,Vietnam,Mumbai,1089.0,6318.0,243936.0,1257282.0,18.4,79.63,Cash Crop,No,-1013346.0,224.0,199.0,High
2021,Sugar,China,Cochin,3844.0,3475.0,3332748.0,743650.0,5.21,72.19,Cash Crop,No,2589098.0,867.0,214.0,Medium
2015,Sugar,China,Kolkata,8711.0,1346.0,2369392.0,678384.0,3.32,83.63,Beverage,Yes,1691008.0,272.0,504.0,Low
2024,Tea,UAE,Kolkata,693.0,4764.0,575883.0,1491132.0,15.96,61.43,Beverage,Yes,-915249.0,831.0,313.0,High
2022,Sugar,UK,Visakhapatnam,1874.0,5980.0,547208.0,1734200.0,7.99,71.94,Cash Crop,Yes,-1186992.0,292.0,290.0,Medium
2024,Sugar,UAE,Kolkata,1035.0,294.0,728640.0,81438.0,1.43,61.26,Cash Crop,Yes,647202.0,704.0,277.0,Low
2024,Spices,UAE,Mumbai,3908.0,2945.0,3114676.0,1610915.0,3.44,71.94,Beverage,No,1503761.0,797.0,547.0,Low
2024,Pulses,Germany,Mumbai,431.0,6643.0,2344905.0,1572352.0,0.02,82.26,Food,No,772553.0,5440.614849187935,236.69306036429325,Low
2016,Rice,UAE,Chennai,8022.0,979.0,5005728.0,328944.0,22.58,66.57,Beverage,Yes,4676784.0,624.0,336.0,High
2017,Cotton,Sri Lanka,Mumbai,2802.0,5416.0,1955796.0,1572352.0,0.62,71.81,Cash Crop,No,383444.0,698.0,290.31610044313146,Low
2023,Tea,Bangladesh,Kolkata,5989.0,569.0,3371807.0,305553.0,5.24,68.11,Food,No,3066254.0,563.0,537.0,Medium
2021,Spices,USA,Cochin,5154.0,3956.0,4272666.0,1885436.0,10.41,83.8,Food,No,2387230.0,829.0,476.60161779575327,Medium
2018,Coffee,China,Visakhapatnam,4896.0,2459.0,2344905.0,1064747.0,8.91,80.59,Food,Yes,1280158.0,478.9430147058824,433.0,Medium
2024,Pulses,Sri Lanka,Chennai,4300.0,57.0,2631600.0,22002.0,22.79,77.73,Food,No,2609598.0,612.0,386.0,High
2019,Rice,USA,Kolkata,301.0,2575.0,161938.0,1572352.0,1.01,74.69,Cash Crop,Yes,-1410414.0,538.0,610.6221359223301,Low
2016,Rice,UK,Chennai,2597.0,3473.0,2228226.0,1514228.0,12.81,80.51,Food,Yes,713998.0,858.0,436.0,Medium
2022,Coffee,UK,Cochin,1942.0,2069.0,2344905.0,589665.0,17.01,69.81,Beverage,Yes,1755240.0,1207.4691040164778,285.0,High
2018,Cotton,UK,Visakhapatnam,4896.0,3956.0,3109938.0,1484800.0,12.23,71.19,Beverage,No,1625138.0,635.1997549019608,375.3286147623862,Medium
2019,Sugar,Sri Lanka,Chennai,4758.0,5775.0,4244136.0,1778700.0,15.51,78.25,Food,No,2465436.0,892.0,308.0,High
2019,Spices,Sri Lanka,Cochin,7644.0,7026.0,5664204.0,2459100.0,20.09,68.94,Beverage,Yes,3205104.0,741.0,350.0,High
2023,Wheat,China,Kolkata,4896.0,7644.0,2001408.0,1572352.0,2.09,61.6,Cash Crop,Yes,429056.0,408.7843137254902,205.6975405546834,Low
2018,Spices,Bangladesh,Cochin,870.0,5208.0,2344905.0,3676848.0,9.65,61.86,Food,Yes,-1331943.0,2695.293103448276,706.0,Medium
2024,Wheat,Vietnam,Cochin,3255.0,3956.0,2789535.0,4967352.0,9.35,62.88,Food,Yes,-2177817.0,857.0,1255.6501516683518,Medium
2019,Coffee,UAE,Cochin,1728.0,4332.0,1095552.0,2828796.0,22.16,81.74,Cash Crop,Yes,-1733244.0,634.0,653.0,High
2023,Rice,UK,Cochin,486.0,3717.0,283338.0,1932840.0,3.78,71.81,Beverage,No,-1649502.0,583.0,520.0,Low
2022,Cotton,Germany,Chennai,6131.0,3721.0,4653429.0,937692.0,12.23,77.82,Cash Crop,No,3715737.0,759.0,252.0,Medium
2017,Rice,Bangladesh,Visakhapatnam,6539.0,2851.0,2344905.0,781174.0,8.21,69.82,Cash Crop,No,1563731.0,358.6029974002141,274.0,Medium
2015,Tea,Germany,Cochin,6501.0,3956.0,5506347.0,2782626.0,1.36,66.47,Beverage,Yes,2723721.0,847.0,703.3938321536906,Low
2017,Rice,China,Cochin,4108.0,6286.0,3011164.0,3815602.0,4.56,68.68,Food,Yes,-804438.0,733.0,607.0,Low
2018,Spices,China,Visakhapatnam,2566.0,135.0,1839822.0,51165.0,24.13,79.85,Beverage,No,1788657.0,717.0,379.0,High
2019,Tea,China,Cochin,2382.0,3165.0,914688.0,1572352.0,10.7,75.63,Beverage,No,-657664.0,384.0,496.7936808846761,Medium
2015,Spices,USA,Cochin,1956.0,4282.0,960396.0,2449304.0,15.8,83.44,Cash Crop,Yes,-1488908.0,491.0,572.0,High
2021,Spices,Germany,Cochin,4896.0,2518.0,4314720.0,1815478.0,18.15,76.99,Beverage,No,2499242.0,881.2745098039215,721.0,High
2022,Tea,Bangladesh,Mumbai,2098.0,6267.0,2344905.0,1572352.0,9.17,74.25,Cash Crop,No,772553.0,1117.6858913250715,250.89388862294558,Medium
2019,Spices,Vietnam,Visakhapatnam,5576.0,3669.0,1382848.0,1174080.0,3.68,75.25,Beverage,Yes,208768.0,248.0,320.0,Low
2019,Coffee,Bangladesh,Cochin,9528.0,1686.0,7061511.75,895266.0,5.16,83.56,Food,No,6166245.75,741.1326353904282,531.0,Medium
2015,Pulses,Sri Lanka,Visakhapatnam,4769.0,3633.0,2344905.0,1169826.0,7.83,79.71,Beverage,No,1175079.0,491.69742084294404,322.0,Medium
2019,Rice,Sri Lanka,Kolkata,9442.0,7373.0,5023144.0,4438546.0,12.23,60.6,Beverage,No,584598.0,532.0,602.0,Medium
2019,Cotton,UK,Kolkata,4418.0,4059.0,3340008.0,2025441.0,9.96,73.35,Cash Crop,Yes,1314567.0,756.0,499.0,Medium
2023,Rice,Vietnam,Cochin,7164.0,3376.0,3825576.0,2643408.0,0.17,77.21,Beverage,No,1182168.0,534.0,783.0,Low
2017,Pulses,Sri Lanka,Visakhapatnam,7546.0,2268.0,5516126.0,1458324.0,13.09,78.72,Food,No,4057802.0,731.0,643.0,Medium
2023,Coffee,China,Visakhapatnam,4896.0,5897.0,643020.0,4534793.0,23.04,65.33,Food,No,-3891773.0,131.3357843137255,769.0,High
2015,Spices,Bangladesh,Visakhapatnam,5724.0,2267.0,4773816.0,346851.0,12.23,81.68,Beverage,Yes,4426965.0,834.0,153.0,Medium
2015,Cotton,Germany,Cochin,7561.0,5933.0,3946842.0,1435786.0,20.63,83.9,Beverage,Yes,2511056.0,522.0,242.0,High
2018,Sugar,China,Kolkata,4896.0,5017.0,387638.0,777635.0,12.23,65.92,Food,No,-389997.0,79.17442810457516,155.0,Medium
2019,Sugar,USA,Visakhapatnam,1230.0,3956.0,1098390.0,1057103.0,12.23,82.07,Cash Crop,Yes,41287.0,893.0,267.2151162790698,Medium
2020,Pulses,Sri Lanka,Visakhapatnam,6663.0,3688.0,2698515.0,2828696.0,19.13,62.42,Food,No,-130181.0,405.0,767.0,High
2017,Spices,China,Mumbai,2758.0,2553.0,659162.0,753135.0,3.58,61.39,Food,Yes,-93973.0,239.0,295.0,Low
2015,Spices,China,Mumbai,3600.0,993.0,928800.0,568989.0,16.44,63.23,Beverage,Yes,359811.0,258.0,573.0,High
2018,Pulses,USA,Visakhapatnam,8666.0,5772.0,6698818.0,4369404.0,16.04,61.44,Beverage,No,2329414.0,773.0,757.0,High
2023,Spices,UAE,Chennai,4896.0,2887.0,1871460.0,1749522.0,0.64,81.13,Food,No,121938.0,382.24264705882354,606.0,Low
2019,Coffee,Bangladesh,Visakhapatnam,4120.0,3956.0,2908720.0,951210.0,19.7,61.48,Cash Crop,No,1957510.0,706.0,240.4474216380182,High
2023,Rice,China,Visakhapatnam,3359.0,7372.0,2589789.0,1572352.0,22.58,66.79,Food,Yes,1017437.0,771.0,213.28703201302224,High
2021,Coffee,UK,Mumbai,1923.0,2986.0,617283.0,462830.0,6.69,62.59,Food,No,154453.0,321.0,155.0,Medium
2018,Coffee,UAE,Mumbai,1574.0,4494.0,1067172.0,3473862.0,20.31,67.39,Cash Crop,No,-2406690.0,678.0,773.0,High
2017,Spices,Sri Lanka,Visakhapatnam,2342.0,7668.0,1915756.0,4025700.0,2.06,62.26,Food,Yes,-2109944.0,818.0,525.0,Low
2024,Pulses,China,Visakhapatnam,3343.0,3997.0,986185.0,2382212.0,15.0,76.7,Food,No,-1396027.0,295.0,596.0,Medium
2019,Pulses,Vietnam,Visakhapatnam,7090.0,3956.0,4346170.0,440130.0,12.14,63.33,Beverage,Yes,3906040.0,613.0,111.25631951466127,Medium
2019,Sugar,USA,Mumbai,5260.0,1246.0,2282840.0,685300.0,13.65,81.3,Cash Crop,No,1597540.0,434.0,550.0,Medium
2017,Wheat,USA,Visakhapatnam,3234.0,4155.0,2344905.0,1017975.0,23.16,80.43,Beverage,Yes,1326930.0,725.0788497217069,245.0,High
2023,Rice,Vietnam,Visakhapatnam,2170.0,3956.0,987350.0,1523469.0,21.78,60.34,Beverage,No,-536119.0,455.0,385.10338725985844,High
2018,Spices,Bangladesh,Cochin,459.0,7482.0,2344905.0,4496682.0,19.63,82.39,Cash Crop,Yes,-2151777.0,5108.725490196079,601.0,High
2019,Sugar,UAE,Chennai,1241.0,1511.0,2344905.0,853715.0,6.84,60.72,Cash Crop,Yes,1491190.0,1889.5286059629332,565.0,Medium
2018,Cotton,UK,Kolkata,1735.0,7977.0,1509450.0,5087903.0,22.8,65.99,Food,No,-3578453.0,870.0,637.8216121348878,High
2019,Spices,Bangladesh,Chennai,4100.0,3368.0,1324300.0,2030904.0,12.23,60.81,Beverage,Yes,-706604.0,323.0,603.0,Medium
2019,Spices,Vietnam,Cochin,3461.0,716.0,2356941.0,315040.0,21.33,68.4,Cash Crop,No,2041901.0,681.0,440.0,High
2023,Spices,China,Kolkata,6683.0,6739.0,2344905.0,4602737.0,8.2,72.85,Beverage,Yes,-2257832.0,350.8761035463115,683.0,Medium
2021,Tea,Vietnam,Visakhapatnam,7935.0,5668.0,5578305.0,1938456.0,1.34,79.92,Beverage,Yes,3639849.0,703.0,342.0,Low
2019,Rice,Bangladesh,Cochin,106.0,2226.0,2344905.0,665574.0,16.73,68.45,Cash Crop,Yes,1679331.0,22121.745283018867,299.0,High
2024,Wheat,Germany,Visakhapatnam,3367.0,3793.0,2047136.0,2518552.0,5.78,77.64,Food,No,-471416.0,608.0,664.0,Medium
2024,Spices,USA,Mumbai,6664.0,650.0,2232440.0,352300.0,6.09,64.69,Beverage,No,1880140.0,335.0,542.0,Medium
2021,Spices,USA,Cochin,9883.0,2702.0,2344905.0,1256430.0,7.65,71.94,Cash Crop,No,1088475.0,237.26651826368513,465.0,Medium
2024,Sugar,Sri Lanka,Mumbai,5028.0,4472.0,2257572.0,1006200.0,1.59,65.9,Food,No,1251372.0,449.0,225.0,Low
2019,Cotton,Sri Lanka,Cochin,2706.0,3874.0,1388178.0,2897752.0,12.23,63.59,Food,No,-1509574.0,513.0,748.0,Medium
2017,Tea,Vietnam,Cochin,6006.0,3956.0,3405402.0,1657564.0,0.13,71.94,Cash Crop,Yes,1747838.0,567.0,419.0,Low
2021,Rice,UK,Mumbai,3373.0,1029.0,2118244.0,384846.0,11.14,64.55,Beverage,Yes,1733398.0,628.0,374.0,Medium
2016,Pulses,China,Kolkata,7711.0,2501.0,5235769.0,1698179.0,2.11,72.82,Cash Crop,No,3537590.0,679.0,679.0,Low
2023,Coffee,Germany,Chennai,1013.0,3956.0,519669.0,177636.0,17.07,71.94,Cash Crop,Yes,342033.0,513.0,44.902932254802835,High
2024,Cotton,UAE,Visakhapatnam,2111.0,3956.0,1475589.0,671600.0,5.89,61.99,Beverage,Yes,803989.0,699.0,169.7674418604651,Medium
2024,Cotton,Bangladesh,Cochin,1542.0,7892.0,854268.0,3014744.0,23.59,71.94,Food,Yes,-2160476.0,554.0,382.0,High
2019,Sugar,UK,Visakhapatnam,5646.0,7828.0,2344905.0,1816096.0,21.78,76.36,Cash Crop,Yes,528809.0,415.32146652497346,232.0,High
2019,Pulses,China,Cochin,1929.0,3746.0,790890.0,1026404.0,7.24,81.81,Food,No,-235514.0,410.0,274.0,Medium
2021,Wheat,Sri Lanka,Visakhapatnam,8867.0,3480.0,2154681.0,1127520.0,19.58,66.1,Beverage,Yes,1027161.0,243.0,324.0,High
2022,Wheat,China,Mumbai,6568.0,3724.0,2344905.0,811832.0,20.08,71.25,Cash Crop,No,1533073.0,357.01964068209503,218.0,High
2024,Sugar,Bangladesh,Cochin,1029.0,3979.0,792330.0,779884.0,24.66,83.15,Cash Crop,No,12446.0,770.0,196.0,High
2019,Spices,Sri Lanka,Chennai,3799.0,2815.0,2970818.0,1140075.0,14.95,71.94,Food,Yes,1830743.0,782.0,405.0,Medium
2016,Wheat,Vietnam,Chennai,9755.0,7234.0,2838705.0,1572352.0,2.05,69.72,Food,No,1266353.0,291.0,217.35581974011612,Low
2024,Tea,Bangladesh,Chennai,1154.0,4419.0,535456.0,1900170.0,16.17,63.29,Food,Yes,-1364714.0,464.0,430.0,High
2016,Spices,UAE,Chennai,5844.0,4830.0,2448636.0,1864380.0,15.62,71.94,Food,Yes,584256.0,419.0,386.0,High
2019,Cotton,China,Chennai,2000.0,165.0,1282000.0,65505.0,15.96,74.53,Cash Crop,Yes,1216495.0,641.0,397.0,High
2019,Cotton,Bangladesh,Chennai,9749.0,5006.0,5849400.0,2588102.0,7.68,77.95,Food,No,3261298.0,600.0,517.0,Medium
2020,Tea,China,Mumbai,7080.0,2053.0,4240920.0,1322132.0,21.49,63.11,Cash Crop,No,2918788.0,599.0,644.0,High
2017,Pulses,China,Cochin,7169.0,742.0,5555975.0,129108.0,12.23,74.99,Food,No,5426867.0,775.0,174.0,Medium
2022,Wheat,USA,Visakhapatnam,9691.0,3212.0,6677099.0,2360820.0,5.44,73.76,Cash Crop,Yes,4316279.0,689.0,735.0,Medium
2015,Cotton,China,Chennai,3515.0,1155.0,2404260.0,738045.0,2.2,72.85,Beverage,No,1666215.0,684.0,639.0,Low
2020,Coffee,Germany,Mumbai,542.0,6517.0,362598.0,4190431.0,4.86,77.25,Food,Yes,-3827833.0,669.0,643.0,Low
2019,Pulses,UK,Mumbai,6318.0,3058.0,4883814.0,1415854.0,20.51,80.94,Food,No,3467960.0,773.0,463.0,High
2015,Rice,USA,Mumbai,4752.0,2211.0,4186512.0,1669305.0,16.92,68.07,Food,Yes,2517207.0,881.0,755.0,High
2021,Rice,Germany,Cochin,8039.0,5938.0,2344905.0,3111512.0,15.9,82.23,Food,Yes,-766607.0,291.69113073765396,524.0,High
2023,Cotton,Bangladesh,Visakhapatnam,7933.0,7275.0,3712644.0,5087903.0,10.04,64.02,Beverage,No,-1375259.0,468.0,699.3681099656358,Medium
2018,Spices,Bangladesh,Cochin,9470.0,203.0,4413020.0,35322.0,14.45,64.33,Cash Crop,No,4377698.0,466.0,174.0,Medium
2018,Pulses,Bangladesh,Kolkata,7697.0,3956.0,1947341.0,2920218.0,7.7,66.67,Beverage,No,-972877.0,253.0,738.1744186046511,Medium
2020,Cotton,USA,Mumbai,4558.0,5573.0,3313666.0,2808792.0,11.93,62.99,Cash Crop,Yes,504874.0,727.0,504.0,Medium
2017,Sugar,Germany,Kolkata,6691.0,3749.0,4810829.0,993485.0,19.83,65.76,Beverage,Yes,3817344.0,719.0,265.0,High
2020,Cotton,Vietnam,Cochin,9549.0,5435.0,7061511.75,1070695.0,24.53,62.66,Food,Yes,5990816.75,739.5027489789506,197.0,High
2021,Spices,China,Cochin,2409.0,4460.0,621522.0,1106080.0,23.31,80.54,Food,No,-484558.0,258.0,248.0,High
2024,Spices,Bangladesh,Cochin,6368.0,3836.0,1521952.0,2332288.0,23.35,63.47,Beverage,No,-810336.0,239.0,608.0,High
2024,Spices,China,Visakhapatnam,4896.0,1114.0,440360.0,748608.0,10.06,78.68,Beverage,No,-308248.0,89.94281045751634,672.0,Medium
2017,Spices,Germany,Cochin,4440.0,4250.0,2597400.0,3170500.0,11.72,61.2,Cash Crop,No,-573100.0,585.0,746.0,Medium
2021,Cotton,Germany,Visakhapatnam,4109.0,6070.0,2344905.0,3362780.0,17.64,83.71,Beverage,Yes,-1017875.0,570.675346799708,554.0,High
2017,Coffee,Sri Lanka,Cochin,6728.0,1963.0,5712072.0,712569.0,23.05,71.94,Beverage,Yes,4999503.0,849.0,363.0,High
2016,Sugar,Sri Lanka,Chennai,2269.0,1266.0,1132231.0,825432.0,3.55,60.17,Food,Yes,306799.0,499.0,652.0,Low
2024,Sugar,UAE,Visakhapatnam,2272.0,5570.0,1349568.0,3325290.0,7.61,79.1,Cash Crop,Yes,-1975722.0,594.0,597.0,Medium
2018,Spices,Vietnam,Visakhapatnam,5768.0,7495.0,2341808.0,5087903.0,3.48,72.85,Cash Crop,Yes,-2746095.0,406.0,678.8396264176117,Low
2022,Tea,China,Cochin,4896.0,2451.0,3430955.0,997557.0,15.3,79.48,Beverage,No,2433398.0,700.7669526143791,407.0,High
2023,Cotton,China,Kolkata,8415.0,7209.0,6664680.0,1946430.0,7.66,71.94,Cash Crop,Yes,4718250.0,792.0,270.0,Medium
2019,Pulses,Vietnam,Cochin,8136.0,1822.0,2344905.0,369866.0,12.23,76.03,Food,Yes,1975039.0,288.21349557522126,203.0,Medium
2015,Wheat,Sri Lanka,Cochin,6889.0,2010.0,2597153.0,964800.0,1.77,79.66,Food,No,1632353.0,377.0,480.0,Low
2019,Spices,China,Cochin,885.0,3956.0,526575.0,1103700.0,8.74,70.13,Food,No,-577125.0,595.0,278.9939332659252,Medium
2023,Pulses,Vietnam,Cochin,6239.0,5749.0,3556230.0,3903571.0,21.56,60.07,Beverage,Yes,-347341.0,570.0,679.0,High
2015,Pulses,Sri Lanka,Chennai,6444.0,4854.0,5522508.0,3067728.0,5.83,81.25,Food,No,2454780.0,857.0,632.0,Medium
2023,Spices,UAE,Visakhapatnam,2516.0,7473.0,1300772.0,2510928.0,17.38,69.52,Beverage,Yes,-1210156.0,517.0,336.0,High
2022,Pulses,Germany,Cochin,4896.0,4796.0,5161984.0,1971156.0,15.74,71.94,Beverage,Yes,3190828.0,1054.326797385621,411.0,High
2015,Pulses,Vietnam,Visakhapatnam,4254.0,2921.0,2480082.0,1572352.0,21.59,60.19,Food,No,907730.0,583.0,538.2923656282095,High
2020,Spices,UAE,Mumbai,5719.0,5092.0,1492659.0,3258880.0,3.31,72.3,Cash Crop,Yes,-1766221.0,261.0,640.0,Low
2019,Sugar,Germany,Cochin,2036.0,710.0,1433344.0,411800.0,24.44,84.66,Beverage,Yes,1021544.0,704.0,580.0,High
2019,Pulses,UK,Kolkata,3907.0,6292.0,2344905.0,2441296.0,14.57,66.96,Food,No,-96391.0,600.1804453544919,388.0,Medium
2024,Spices,China,Cochin,7251.0,2685.0,2856894.0,1216305.0,24.89,71.94,Beverage,Yes,1640589.0,394.0,453.0,High
2019,Tea,Germany,Kolkata,9593.0,2379.0,7061511.75,1063413.0,22.79,77.18,Cash Crop,Yes,5998098.75,736.1108881476076,447.0,High
2020,Coffee,China,Kolkata,3336.0,4004.0,1404456.0,900900.0,5.54,80.37,Cash Crop,Yes,503556.0,421.0,225.0,Medium
2019,Spices,China,Cochin,2452.0,2500.0,637520.0,1205000.0,1.4,70.43,Food,No,-567480.0,260.0,482.0,Low
2019,Coffee,Sri Lanka,Kolkata,2032.0,1182.0,666496.0,934962.0,6.39,67.74,Beverage,No,-268466.0,328.0,791.0,Medium
2018,Spices,USA,Kolkata,8656.0,749.0,7061511.75,466627.0,13.19,83.45,Food,No,6594884.75,815.7938713031423,623.0,Medium
2017,Cotton,USA,Mumbai,5016.0,6392.0,1780680.0,2761344.0,4.29,76.93,Beverage,Yes,-980664.0,355.0,432.0,Low
2017,Cotton,Bangladesh,Visakhapatnam,5598.0,7520.0,3230046.0,5087903.0,4.19,62.98,Food,No,-1857857.0,577.0,676.5828457446809,Low
2018,Spices,Germany,Visakhapatnam,1046.0,2088.0,858766.0,1572352.0,12.23,61.72,Food,No,-713586.0,821.0,753.0421455938697,Medium
2023,Wheat,USA,Mumbai,9669.0,6520.0,7061511.75,2686240.0,0.83,72.09,Cash Crop,Yes,4375271.75,730.3249301892647,412.0,Low
2016,Cotton,Vietnam,Cochin,1539.0,6347.0,978804.0,4595228.0,3.05,65.5,Food,No,-3616424.0,636.0,724.0,Low
2023,Wheat,China,Chennai,7830.0,4697.0,3178980.0,756217.0,12.23,66.35,Beverage,Yes,2422763.0,406.0,161.0,Medium
2015,Cotton,Germany,Chennai,4957.0,7862.0,2909759.0,2279980.0,1.58,81.94,Beverage,No,629779.0,587.0,290.0,Low
2015,Rice,China,Cochin,440.0,4550.0,298760.0,1572352.0,9.92,62.24,Cash Crop,No,-1273592.0,679.0,345.57186813186814,Medium
2019,Cotton,Vietnam,Mumbai,482.0,4607.0,259798.0,764762.0,11.85,77.88,Beverage,No,-504964.0,539.0,166.0,Medium
2020,Coffee,USA,Mumbai,9848.0,2229.0,5308072.0,472548.0,11.28,66.78,Food,No,4835524.0,539.0,212.0,Medium
2020,Sugar,USA,Kolkata,8591.0,2888.0,3462173.0,1160976.0,21.73,79.01,Food,Yes,2301197.0,403.0,402.0,High
2017,Pulses,Bangladesh,Cochin,238.0,923.0,85680.0,1572352.0,13.25,78.06,Cash Crop,No,-1486672.0,360.0,1703.5232936078007,Medium
2021,Spices,China,Cochin,458.0,3956.0,338462.0,69825.0,11.7,60.18,Food,Yes,268637.0,739.0,17.65040444893832,Medium
2023,Sugar,Germany,Cochin,5031.0,1472.0,2973321.0,984768.0,10.27,72.73,Food,Yes,1988553.0,591.0,669.0,Medium
2024,Tea,Vietnam,Chennai,4896.0,6947.0,7061511.75,1660333.0,20.44,63.48,Food,No,5401178.75,1442.3022365196077,239.0,High
2022,Coffee,UK,Chennai,3556.0,2725.0,2752344.0,1572352.0,22.38,81.66,Food,Yes,1179992.0,774.0,577.0099082568807,High
2020,Tea,China,Cochin,1727.0,3230.0,1265891.0,1046520.0,21.33,81.79,Beverage,No,219371.0,733.0,324.0,High
2022,Wheat,Germany,Mumbai,9595.0,4366.0,2581055.0,982350.0,16.84,70.46,Food,No,1598705.0,269.0,225.0,High
2019,Wheat,Germany,Cochin,6726.0,4025.0,4062504.0,3067050.0,3.43,71.11,Cash Crop,No,995454.0,604.0,762.0,Low
2022,Rice,Bangladesh,Mumbai,5104.0,6746.0,4118928.0,3703554.0,6.92,67.58,Cash Crop,No,415374.0,807.0,549.0,Medium
2024,Spices,China,Visakhapatnam,9426.0,1441.0,7061511.75,317020.0,1.15,77.92,Food,No,6744491.75,749.1525302355187,220.0,Low
2018,Coffee,USA,Cochin,6752.0,3268.0,5334080.0,1075172.0,23.27,68.97,Cash Crop,Yes,4258908.0,790.0,329.0,High
2024,Tea,UAE,Cochin,6516.0,4257.0,4665456.0,1162161.0,16.52,66.69,Food,No,3503295.0,716.0,273.0,High
2022,Sugar,China,Kolkata,4896.0,664.0,1043130.0,351920.0,12.23,70.81,Cash Crop,No,691210.0,213.0575980392157,530.0,Medium
2019,Wheat,Vietnam,Cochin,3935.0,5727.0,3498215.0,2531334.0,7.79,62.29,Cash Crop,Yes,966881.0,889.0,442.0,Medium
2016,Cotton,UAE,Visakhapatnam,8117.0,3021.0,2344905.0,1039224.0,21.14,78.67,Food,No,1305681.0,288.88813601084144,344.0,High
2019,Wheat,Bangladesh,Cochin,4896.0,3615.0,936416.0,1362855.0,6.49,60.31,Food,No,-426439.0,191.26143790849673,377.0,Medium
2023,Spices,USA,Cochin,9529.0,3626.0,2429895.0,2103080.0,0.04,76.11,Beverage,No,326815.0,255.0,580.0,Low
2019,Cotton,UAE,Mumbai,7005.0,4620.0,3957825.0,2702700.0,9.41,64.57,Food,Yes,1255125.0,565.0,585.0,Medium
2019,Cotton,USA,Kolkata,4896.0,7029.0,2634732.0,4287690.0,14.27,65.81,Food,No,-1652958.0,538.1397058823529,610.0,Medium
2015,Tea,USA,Mumbai,9290.0,6059.0,2344905.0,4647253.0,11.97,75.89,Beverage,Yes,-2302348.0,252.41173304628634,767.0,Medium
2023,Tea,USA,Chennai,2667.0,320.0,1744218.0,1572352.0,21.55,84.82,Food,No,171866.0,654.0,4913.6,High
2015,Coffee,Sri Lanka,Mumbai,1407.0,3956.0,426321.0,876708.0,2.64,79.44,Food,Yes,-450387.0,303.0,221.61476238624874,Low
2019,Coffee,Germany,Chennai,8948.0,3956.0,2469648.0,790652.0,13.85,65.65,Beverage,No,1678996.0,276.0,199.86147623862487,Medium
2018,Spices,USA,Cochin,2760.0,6066.0,1184040.0,1067616.0,12.82,64.4,Food,No,116424.0,429.0,176.0,Medium
2017,Pulses,Sri Lanka,Kolkata,3830.0,6900.0,1750310.0,3174000.0,7.03,81.66,Food,No,-1423690.0,457.0,460.0,Medium
2019,Spices,Bangladesh,Cochin,6307.0,1440.0,2920141.0,624960.0,12.23,71.1,Beverage,No,2295181.0,463.0,434.0,Medium
2016,Rice,UAE,Mumbai,3262.0,7497.0,2344905.0,3223710.0,18.82,63.43,Beverage,No,-878805.0,718.8549969343961,430.0,High
2017,Wheat,Germany,Chennai,1240.0,3404.0,472440.0,1572352.0,18.32,81.56,Cash Crop,Yes,-1099912.0,381.0,461.9130434782609,High
2019,Coffee,UK,Mumbai,4896.0,4185.0,6409942.0,1561005.0,21.9,80.4,Food,No,4848937.0,1309.2201797385621,373.0,High
2019,Tea,UAE,Cochin,1808.0,6128.0,1603696.0,1807760.0,18.07,84.6,Cash Crop,No,-204064.0,887.0,295.0,High
2016,Sugar,Germany,Cochin,3730.0,6382.0,842980.0,1142378.0,5.8,71.94,Cash Crop,No,-299398.0,226.0,179.0,Medium
2024,Tea,UK,Visakhapatnam,3311.0,7381.0,1572725.0,1572352.0,12.23,81.29,Beverage,No,373.0,475.0,213.0269611163799,Medium
2022,Wheat,UAE,Cochin,6638.0,5139.0,2344905.0,3186180.0,7.69,61.31,Food,No,-841275.0,353.25474540524255,620.0,Medium
2016,Spices,Germany,Kolkata,9802.0,6158.0,4881396.0,1126914.0,6.05,62.61,Food,No,3754482.0,498.0,183.0,Medium
2019,Tea,UAE,Chennai,575.0,3657.0,166750.0,1572352.0,1.83,74.22,Beverage,Yes,-1405602.0,290.0,429.956795187312,Low
2021,Pulses,UAE,Visakhapatnam,7784.0,2633.0,2344905.0,974210.0,18.6,73.29,Cash Crop,Yes,1370695.0,301.24678828365876,370.0,High
2019,Rice,UK,Kolkata,9268.0,4123.0,7061511.75,2816009.0,17.78,71.45,Beverage,No,4245502.75,761.9240127319811,683.0,High
2015,Spices,UAE,Mumbai,1307.0,3125.0,858699.0,1612500.0,5.86,69.92,Food,No,-753801.0,657.0,516.0,Medium
2020,Spices,UAE,Chennai,2060.0,3956.0,1339000.0,2765244.0,18.73,70.78,Beverage,Yes,-1426244.0,650.0,699.0,High
2015,Pulses,UK,Cochin,657.0,339.0,370548.0,247809.0,22.95,74.23,Food,No,122739.0,564.0,731.0,High
2016,Spices,China,Cochin,4896.0,2530.0,858268.0,670450.0,2.7,60.05,Cash Crop,No,187818.0,175.2998366013072,265.0,Low
2015,Spices,USA,Mumbai,4861.0,6664.0,2673550.0,2585632.0,5.82,66.52,Food,No,87918.0,550.0,388.0,Medium
2019,Cotton,Vietnam,Visakhapatnam,4896.0,3302.0,5095818.0,1598168.0,18.76,72.96,Cash Crop,Yes,3497650.0,1040.8125,484.0,High
2024,Spices,China,Visakhapatnam,7063.0,3956.0,4230737.0,4404350.0,6.86,78.06,Cash Crop,Yes,-173613.0,599.0,1113.3341759352882,Medium
2023,Pulses,Sri Lanka,Visakhapatnam,7266.0,3956.0,2344905.0,2025837.0,15.62,64.35,Food,Yes,319068.0,322.7229562345169,512.0922649140546,High
2019,Rice,China,Cochin,8029.0,328.0,5283082.0,51824.0,12.23,71.94,Food,Yes,5231258.0,658.0,158.0,Medium
2015,Wheat,China,Kolkata,5447.0,2974.0,2344905.0,1299638.0,11.31,77.86,Cash Crop,Yes,1045267.0,430.49476776207086,437.0,Medium
2015,Sugar,Germany,Kolkata,7369.0,3956.0,5143562.0,338310.0,18.48,71.12,Beverage,No,4805252.0,698.0,85.51820020222446,High
2019,Rice,USA,Chennai,9902.0,5008.0,7000714.0,996592.0,17.16,60.68,Food,No,6004122.0,707.0,199.0,High
2023,Spices,Germany,Cochin,4896.0,303.0,2344905.0,201798.0,20.38,71.23,Food,No,2143107.0,478.9430147058824,666.0,High
2017,Rice,USA,Visakhapatnam,2554.0,4326.0,2344905.0,3404562.0,21.94,67.41,Cash Crop,No,-1059657.0,918.1303837118246,787.0,High
2015,Spices,UK,Visakhapatnam,4594.0,4826.0,2344905.0,3551936.0,19.33,83.24,Beverage,Yes,-1207031.0,510.42773182411844,736.0,High
2019,Spices,UK,Mumbai,2046.0,874.0,746790.0,373198.0,16.79,63.12,Food,Yes,373592.0,365.0,427.0,High
2021,Coffee,Vietnam,Mumbai,2908.0,7726.0,1785512.0,3468974.0,0.79,76.31,Cash Crop,No,-1683462.0,614.0,449.0,Low
2020,Spices,USA,Visakhapatnam,6742.0,3882.0,4456462.0,2864916.0,13.37,71.94,Beverage,No,1591546.0,661.0,738.0,Medium
2015,Cotton,China,Visakhapatnam,3925.0,749.0,2344905.0,597702.0,0.94,71.15,Cash Crop,No,1747203.0,597.428025477707,798.0,Low
2019,Rice,Bangladesh,Cochin,3636.0,6759.0,2297952.0,5087903.0,20.2,73.85,Food,No,-2789951.0,632.0,752.7597277703802,High
2019,Spices,Vietnam,Kolkata,6168.0,5495.0,3423240.0,4154220.0,8.02,67.45,Beverage,No,-730980.0,555.0,756.0,Medium
2019,Spices,Vietnam,Mumbai,3902.0,1430.0,3488388.0,1572352.0,14.06,71.38,Cash Crop,No,1916036.0,894.0,1099.5468531468532,Medium
2017,Spices,UAE,Kolkata,4896.0,3946.0,1948394.0,2876634.0,12.23,64.09,Beverage,Yes,-928240.0,397.9562908496732,729.0,Medium
2019,Spices,Bangladesh,Cochin,4896.0,3956.0,898380.0,510008.0,19.56,67.6,Food,No,388372.0,183.49264705882354,128.92012133468148,High
2021,Tea,Germany,Cochin,5906.0,3956.0,3785746.0,1774503.0,22.16,75.53,Beverage,Yes,2011243.0,641.0,448.5599089989889,High
2019,Wheat,Bangladesh,Kolkata,6242.0,6584.0,2344905.0,4128168.0,9.97,67.55,Food,No,-1783263.0,375.6656520346043,627.0,Medium
2019,Spices,Germany,Visakhapatnam,2919.0,5784.0,2084166.0,1781472.0,21.57,82.49,Cash Crop,No,302694.0,714.0,308.0,High
2019,Coffee,UK,Cochin,9194.0,6103.0,3741958.0,1572352.0,6.68,71.94,Food,No,2169606.0,407.0,257.6359167622481,Medium
2024,Coffee,China,Chennai,464.0,3206.0,150336.0,1000272.0,13.37,70.97,Cash Crop,No,-849936.0,324.0,312.0,Medium
2024,Wheat,UK,Kolkata,4358.0,3438.0,1468646.0,2028420.0,21.47,60.97,Cash Crop,Yes,-559774.0,337.0,590.0,High
2017,Cotton,UK,Kolkata,4896.0,3956.0,1731822.0,1472666.0,8.15,72.49,Food,No,259156.0,353.7218137254902,372.2613751263903,Medium
2015,Coffee,China,Visakhapatnam,1963.0,5684.0,1444768.0,3205776.0,23.85,79.12,Cash Crop,Yes,-1761008.0,736.0,564.0,High
2019,Sugar,Bangladesh,Cochin,215.0,433.0,2344905.0,211304.0,3.05,66.64,Beverage,No,2133601.0,10906.53488372093,488.0,Low
2023,Spices,Vietnam,Chennai,7184.0,5860.0,5546048.0,4430160.0,0.46,80.17,Cash Crop,No,1115888.0,772.0,756.0,Low
2015,Wheat,Bangladesh,Visakhapatnam,8116.0,391.0,6005840.0,129030.0,22.6,66.3,Food,No,5876810.0,740.0,330.0,High
2017,Pulses,Germany,Cochin,2484.0,5984.0,1445688.0,2615008.0,1.72,80.59,Beverage,Yes,-1169320.0,582.0,437.0,Low
2018,Coffee,China,Mumbai,4035.0,2037.0,879630.0,684432.0,24.8,62.13,Beverage,No,195198.0,218.0,336.0,High
2015,Wheat,China,Chennai,7842.0,4109.0,6916644.0,1179283.0,23.78,81.65,Cash Crop,No,5737361.0,882.0,287.0,High
2015,Tea,UAE,Cochin,5542.0,4989.0,3596758.0,1391931.0,3.43,72.48,Cash Crop,No,2204827.0,649.0,279.0,Low
2022,Rice,UK,Visakhapatnam,2590.0,3159.0,707070.0,1083537.0,13.44,67.41,Food,No,-376467.0,273.0,343.0,Medium
2016,Spices,China,Kolkata,7080.0,4132.0,5465760.0,1921380.0,4.62,66.63,Food,No,3544380.0,772.0,465.0,Low
2022,Wheat,UK,Chennai,9234.0,5680.0,7061511.75,1664240.0,10.7,70.8,Food,Yes,5397271.75,764.7294509421703,293.0,Medium
2021,Rice,USA,Cochin,7761.0,4565.0,3686475.0,753225.0,1.54,84.98,Cash Crop,No,2933250.0,475.0,165.0,Low
2024,Coffee,Bangladesh,Kolkata,1824.0,2848.0,450528.0,1572352.0,5.6,65.51,Food,No,-1121824.0,247.0,552.0898876404494,Medium
2024,Rice,UAE,Mumbai,8282.0,3290.0,3395620.0,1572352.0,9.08,62.58,Food,No,1823268.0,410.0,477.9185410334347,Medium
2016,Spices,Germany,Mumbai,2867.0,2038.0,2436950.0,802972.0,10.97,74.63,Food,Yes,1633978.0,850.0,394.0,Medium
2019,Wheat,China,Cochin,1237.0,6078.0,1015577.0,1572352.0,24.44,72.21,Food,No,-556775.0,821.0,258.6956235603817,High
2020,Tea,UAE,Cochin,4217.0,3464.0,3769998.0,820968.0,12.23,71.94,Food,Yes,2949030.0,894.0,237.0,Medium
2017,Cotton,Germany,Mumbai,3520.0,1899.0,2601280.0,527922.0,12.23,76.67,Food,No,2073358.0,739.0,278.0,Medium
2016,Coffee,Bangladesh,Cochin,5945.0,355.0,2344905.0,173950.0,13.43,66.68,Beverage,No,2170955.0,394.4331370899916,490.0,Medium
2015,Wheat,UK,Kolkata,4878.0,3663.0,2507292.0,560439.0,21.0,82.77,Food,Yes,1946853.0,514.0,153.0,High
2020,Spices,Bangladesh,Kolkata,4006.0,2799.0,3052572.0,1332324.0,8.48,70.89,Beverage,No,1720248.0,762.0,476.0,Medium
2019,Coffee,Sri Lanka,Mumbai,3737.0,5014.0,2344905.0,2802826.0,17.72,71.94,Food,Yes,-457921.0,627.4832753545625,559.0,High
2023,Sugar,USA,Chennai,4896.0,6730.0,2323333.0,3062150.0,24.84,78.56,Cash Crop,Yes,-738817.0,474.5369689542484,455.0,High
2015,Rice,Sri Lanka,Visakhapatnam,6029.0,1185.0,1881048.0,895860.0,7.87,76.08,Cash Crop,Yes,985188.0,312.0,756.0,Medium
2021,Cotton,China,Chennai,376.0,5580.0,138744.0,2086920.0,16.85,67.89,Food,No,-1948176.0,369.0,374.0,High
2019,Spices,UAE,Cochin,2099.0,255.0,1400033.0,126735.0,21.11,71.94,Cash Crop,Yes,1273298.0,667.0,497.0,High
2019,Sugar,China,Cochin,1327.0,7402.0,1163779.0,3478940.0,22.9,65.5,Beverage,Yes,-2315161.0,877.0,470.0,High
2019,Pulses,UK,Mumbai,6437.0,7599.0,1371081.0,5087903.0,17.95,71.12,Food,No,-3716822.0,213.0,669.5490196078431,High
2017,Wheat,Germany,Mumbai,3835.0,4641.0,1867645.0,1531530.0,7.09,82.49,Beverage,No,336115.0,487.0,330.0,Medium
2021,Tea,Bangladesh,Cochin,795.0,3500.0,308460.0,2684500.0,8.16,63.34,Food,No,-2376040.0,388.0,767.0,Medium
2020,Coffee,Sri Lanka,Cochin,9601.0,7264.0,3398754.0,3886240.0,0.52,71.94,Cash Crop,No,-487486.0,354.0,535.0,Low
2016,Rice,China,Chennai,4252.0,6055.0,3257032.0,4644185.0,19.02,80.53,Beverage,No,-1387153.0,766.0,767.0,High
2020,Coffee,Sri Lanka,Chennai,8001.0,3861.0,7061511.75,992277.0,1.07,84.24,Cash Crop,No,6069234.75,882.5786464191976,257.0,Low
2016,Cotton,UK,Mumbai,7570.0,3672.0,2344905.0,2496960.0,21.62,71.35,Cash Crop,Yes,-152055.0,309.76287978863934,680.0,High
2016,Wheat,Sri Lanka,Visakhapatnam,7637.0,3649.0,2092538.0,2039791.0,2.97,72.67,Food,No,52747.0,274.0,559.0,Low
2016,Coffee,UK,Chennai,2941.0,2601.0,1399916.0,1157445.0,4.3,74.3,Beverage,Yes,242471.0,476.0,445.0,Low
2017,Rice,Vietnam,Cochin,4308.0,5191.0,3635952.0,1661120.0,11.91,71.94,Food,No,1974832.0,844.0,320.0,Medium
2016,Wheat,China,Kolkata,8833.0,4358.0,4787486.0,2091840.0,18.45,81.46,Food,Yes,2695646.0,542.0,480.0,High
2018,Coffee,Bangladesh,Kolkata,1188.0,3956.0,741312.0,230478.0,3.48,64.27,Food,Yes,510834.0,624.0,58.26036400404449,Low
2023,Tea,UAE,Kolkata,3463.0,2758.0,2666510.0,948752.0,11.0,70.92,Food,No,1717758.0,770.0,344.0,Medium
2020,Spices,Germany,Visakhapatnam,124.0,2041.0,88040.0,328601.0,12.07,71.6,Food,No,-240561.0,710.0,161.0,Medium
2015,Wheat,UAE,Mumbai,9864.0,3956.0,3758184.0,2389424.0,5.31,79.73,Food,Yes,1368760.0,381.0,604.0,Medium
2022,Spices,China,Cochin,4896.0,3956.0,4102308.0,1572352.0,2.89,75.07,Food,No,2529956.0,837.8897058823529,397.46006066734077,Low
2021,Pulses,Germany,Visakhapatnam,5768.0,3692.0,1516984.0,1222052.0,20.91,76.36,Beverage,No,294932.0,263.0,331.0,High
2024,Wheat,Sri Lanka,Cochin,4896.0,3956.0,1990224.0,1923240.0,12.56,84.95,Cash Crop,Yes,66984.0,406.5,486.1577350859454,Medium
2017,Tea,Vietnam,Cochin,8168.0,1872.0,3201856.0,335088.0,0.36,71.94,Beverage,Yes,2866768.0,392.0,179.0,Low
2015,Spices,Vietnam,Mumbai,2335.0,7131.0,1994090.0,5087903.0,20.07,71.94,Food,Yes,-3093813.0,854.0,713.4908147524891,High
2019,Sugar,USA,Kolkata,4896.0,3323.0,6026925.0,1572352.0,24.52,71.94,Cash Crop,No,4454573.0,1230.9895833333333,473.172434547096,High
2018,Rice,China,Mumbai,8492.0,6225.0,5137660.0,3299250.0,15.15,68.69,Food,No,1838410.0,605.0,530.0,High
2024,Sugar,China,Visakhapatnam,8548.0,4588.0,2496016.0,1572352.0,12.59,60.54,Cash Crop,No,923664.0,292.0,342.7096774193548,Medium
2022,Coffee,Bangladesh,Visakhapatnam,3847.0,6355.0,2419763.0,2840685.0,12.23,62.29,Cash Crop,No,-420922.0,629.0,447.0,Medium
2015,Tea,UAE,Visakhapatnam,3275.0,6960.0,2793575.0,3549600.0,23.81,77.02,Food,Yes,-756025.0,853.0,510.0,High
2019,Sugar,China,Mumbai,4997.0,4399.0,3163101.0,2300677.0,18.86,81.98,Beverage,No,862424.0,633.0,523.0,High
2015,Wheat,China,Cochin,5137.0,570.0,3097611.0,400710.0,11.14,72.86,Beverage,Yes,2696901.0,603.0,703.0,Medium
2019,Coffee,Sri Lanka,Cochin,7527.0,1026.0,2344905.0,463752.0,14.81,73.48,Cash Crop,No,1881153.0,311.5324830609805,452.0,Medium
2022,Coffee,Sri Lanka,Chennai,8705.0,3772.0,2707255.0,2150040.0,12.23,66.38,Food,No,557215.0,311.0,570.0,Medium
2019,Sugar,Germany,Visakhapatnam,2114.0,3601.0,1213436.0,1422395.0,4.86,79.2,Food,Yes,-208959.0,574.0,395.0,Low
2016,Pulses,UK,Cochin,1481.0,4155.0,382098.0,1603830.0,11.18,78.79,Cash Crop,No,-1221732.0,258.0,386.0,Medium
2020,Sugar,UK,Chennai,1198.0,2823.0,289916.0,1572352.0,20.75,74.71,Beverage,No,-1282436.0,242.0,556.9791002479632,High
2019,Pulses,China,Cochin,3526.0,2602.0,2344905.0,869068.0,16.37,65.32,Food,No,1475837.0,665.0326148610324,334.0,High
2016,Tea,UK,Visakhapatnam,3755.0,3956.0,1858725.0,1778194.0,10.28,71.94,Beverage,No,80531.0,495.0,449.4929221435794,Medium
2017,Spices,Bangladesh,Kolkata,8038.0,3957.0,2548046.0,2025984.0,16.58,61.61,Beverage,Yes,522062.0,317.0,512.0,High
2023,Sugar,USA,Visakhapatnam,9201.0,5729.0,6725931.0,2474928.0,2.96,74.82,Cash Crop,Yes,4251003.0,731.0,432.0,Low
2021,Spices,Germany,Mumbai,287.0,6629.0,120827.0,4653558.0,10.04,71.94,Cash Crop,Yes,-4532731.0,421.0,702.0,Medium
2021,Pulses,Sri Lanka,Cochin,5509.0,5280.0,2010785.0,2560800.0,19.83,81.46,Beverage,Yes,-550015.0,365.0,485.0,High
2019,Sugar,UK,Cochin,2192.0,3956.0,1845664.0,62822.0,5.51,71.59,Food,No,1782842.0,842.0,15.880182002022245,Medium
2022,Spices,UAE,Mumbai,2230.0,3956.0,791650.0,1793436.0,12.23,71.94,Food,No,-1001786.0,355.0,453.3458038422649,Medium
2019,Wheat,China,Mumbai,5342.0,3014.0,2344905.0,1877722.0,23.77,71.94,Cash Crop,No,467183.0,438.95638337701234,623.0,High
2022,Cotton,Vietnam,Kolkata,8649.0,2966.0,2499561.0,2224500.0,5.25,66.88,Beverage,Yes,275061.0,289.0,750.0,Medium
2019,Cotton,Bangladesh,Cochin,4896.0,7319.0,2344905.0,3447249.0,6.52,69.95,Food,No,-1102344.0,478.9430147058824,471.0,Medium
2022,Pulses,Sri Lanka,Cochin,5285.0,2850.0,1120420.0,458850.0,24.24,83.29,Food,No,661570.0,212.0,161.0,High
2023,Spices,Bangladesh,Kolkata,5876.0,6002.0,3743012.0,3439146.0,18.37,68.46,Cash Crop,No,303866.0,637.0,573.0,High
2017,Spices,Bangladesh,Chennai,8013.0,5360.0,5905581.0,1189920.0,12.23,82.85,Beverage,No,4715661.0,737.0,222.0,Medium
2017,Coffee,Bangladesh,Cochin,7647.0,1802.0,6010542.0,1328074.0,21.32,84.53,Food,Yes,4682468.0,786.0,737.0,High
2016,Pulses,Germany,Visakhapatnam,7923.0,2660.0,2765127.0,931000.0,2.9,76.55,Cash Crop,Yes,1834127.0,349.0,350.0,Low
2024,Rice,Bangladesh,Cochin,4896.0,3925.0,6403845.0,1572352.0,17.65,80.42,Food,No,4831493.0,1307.9748774509803,400.5992356687898,High
2019,Spices,Bangladesh,Mumbai,6565.0,1154.0,1358955.0,754716.0,12.59,78.74,Food,Yes,604239.0,207.0,654.0,Medium
2019,Tea,Vietnam,Visakhapatnam,1597.0,2586.0,364116.0,486168.0,20.73,77.49,Food,No,-122052.0,228.0,188.0,High
2019,Cotton,UAE,Cochin,2655.0,5040.0,1314225.0,1053360.0,12.7,67.67,Cash Crop,No,260865.0,495.0,209.0,Medium
